work_id,الاسم,السنة,النوع,سبب_التعديل,tmdbId_القديم,tmdbId_الجديد,الصورة_النهائية,الحالة_النهائية
chou-kaguya-hime-2026,chou-kaguya-hime-2026,,,عمل مكرّر - حُذف ووُجّه (301) إلى: فيلم-chou-kaguya-hime-مترجم,,,,محذوف نهائياً
good-doctor,good-doctor,,,عمل مكرّر - حُذف ووُجّه (301) إلى: the-good-doctor,,,,محذوف نهائياً
hyakuemu-2025,hyakuemu-2025,,,عمل مكرّر - حُذف ووُجّه (301) إلى: فيلم-hyakuemu-مترجم,,,,محذوف نهائياً
nanatsu-no-taizai-movie-2-hikari-ni-norowareshi-mono-tachi-2021,nanatsu-no-taizai-movie-2-hikari-ni-norowareshi-mono-tachi-2021,,,عمل مكرّر - حُذف ووُجّه (301) إلى: فيلم-nanatsu-no-taizai-movie-2-hikari-ni-norowareshi-mono-tachi,,,,محذوف نهائياً
napoleon-2023-مترجم-اون-لاين,napoleon-2023-مترجم-اون-لاين,,,عمل مكرّر - حُذف ووُجّه (301) إلى: napoleon-2023-directors-cut-مترجم-اون-لاين,,,,محذوف نهائياً
paprika-1991,paprika-1991,,,عمل مكرّر - حُذف ووُجّه (301) إلى: فيلم-paprika-مترجم,,,,محذوف نهائياً
predator-killer-of-killers-2025,predator-killer-of-killers-2025,,,عمل مكرّر - حُذف ووُجّه (301) إلى: فيلم-predator-killer-of-killers-مترجم,,,,محذوف نهائياً
rebel-moon-part-one-director-s-cut-2024,rebel-moon-part-one-director-s-cut-2024,,,عمل مكرّر - حُذف ووُجّه (301) إلى: rebel-moon-part-one-directors-cut-2023-مترجم-اون-لاين,,,,محذوف نهائياً
rebel-moon-part-two-director-s-cut-2024,rebel-moon-part-two-director-s-cut-2024,,,عمل مكرّر - حُذف ووُجّه (301) إلى: rebel-moon-part-two-directors-cut-2024-مترجم-اون-لاين,,,,محذوف نهائياً
spy-x-family-code-white-2023,spy-x-family-code-white-2023,,,عمل مكرّر - حُذف ووُجّه (301) إلى: فيلم-spy-x-family-movie-code-white-مترجم,,,,محذوف نهائياً
the-first-slam-dunk-2022,the-first-slam-dunk-2022,,,عمل مكرّر - حُذف ووُجّه (301) إلى: فيلم-the-first-slam-dunk-مترجم,,,,محذوف نهائياً
the-hot-spot,the-hot-spot,,,عمل مكرّر - حُذف ووُجّه (301) إلى: البؤرة-الساخنة-hot-spot,,,,محذوف نهائياً
the-other-2025-مترجم-اون-لاين,the-other-2025-مترجم-اون-لاين,,,عمل مكرّر - حُذف ووُجّه (301) إلى: other-2025-مترجم-اون-لاين,,,,محذوف نهائياً
the-witcher-sirens-of-the-deep-2025,the-witcher-sirens-of-the-deep-2025,,,عمل مكرّر - حُذف ووُجّه (301) إلى: فيلم-the-witcher-sirens-of-the-deep-مترجم,,,,محذوف نهائياً
weapon-2024,weapon-2024,,,عمل مكرّر - حُذف ووُجّه (301) إلى: the-weapon-2023,,,,محذوف نهائياً
فيلم-haikyuu-movie-gomisuteba-no-kessen-مترجم,فيلم-haikyuu-movie-gomisuteba-no-kessen-مترجم,,,عمل مكرّر - حُذف ووُجّه (301) إلى: haikyuu-movie-gomisuteba-no-kessen-2024-مترجم-اون-لاين,,,,محذوف نهائياً
فيلم-shelter-مترجم,فيلم-shelter-مترجم,,,عمل مكرّر - حُذف ووُجّه (301) إلى: shelter-2026-مترجم-اون-لاين,,,,محذوف نهائياً
arte,Arte,2020,anime,مطابقة خاطئة (تشابه أسماء) - أُلغي الإثراء,211991,,https://pub-7bd753a4463049929e562aa677ad4251.r2.dev/anime/arte.jpg,صورة من CSV
bad-girl,Bad Girl,2022,anime,مطابقة خاطئة (تشابه أسماء) - أُلغي الإثراء,209730,,https://image.tmdb.org/t/p/w500/aSr88pA0EsnZbDtXdSmnC25eRHl.jpg,صورة من TMDB
bakuten,Bakuten!!,2001,anime,مطابقة خاطئة (تشابه أسماء) - أُلغي الإثراء,54728,,https://pub-7bd753a4463049929e562aa677ad4251.r2.dev/anime/bakuten.jpg,صورة من CSV
boku-no-hero-academia-ona,Boku no Hero Academia,,anime,tmdbId متشارك - أُعيدت المطابقة للنتيجة الصحيحة,280110,65930,https://image.tmdb.org/t/p/w500/a3GlsRvZx7i1a77IVMxuvR7TZj0.jpg,صورة من TMDB
الحلقة-الخاصة-boruto-naruto-the-movie-naruto-ga-hokage-ni-natta-hi,Boruto: Naruto the Movie - Naruto ga Hokage ni Natta Hi,,anime,مطابقة خاطئة (تشابه أسماء) - أُلغي الإثراء,1017204,,https://pub-7bd753a4463049929e562aa677ad4251.r2.dev/anime/الحلقة-الخاصة-boruto-naruto-the-movie-naruto-ga-hokage-ni-natta-hi.jpg,صورة من CSV
charlotte,Charlotte,2015,anime,مطابقة خاطئة (تشابه أسماء) - أُلغي الإثراء,319508,,https://pub-7bd753a4463049929e562aa677ad4251.r2.dev/anime/charlotte.jpg,صورة من CSV
chuuzenji-sensei-mononoke-kougiroku,Chuuzenji-sensei Mononoke Kougiroku,2025,anime,tmdbId متشارك - أُلغي الإثراء (لا نتيجة موثوقة),275623,,,بلا صورة (placeholder)
dandelion,Dandelion,,anime,مطابقة خاطئة (تشابه أسماء) - أُلغي الإثراء,29345,,https://pub-7bd753a4463049929e562aa677ad4251.r2.dev/anime/dandelion.jpg,صورة من CSV
اوفا-dungeon-ni-deai-wo-motomeru-no-wa-machigatteiru-darou-ka-ii-ova,Dungeon ni Deai wo Motomeru no wa Machigatteiru Darou ka II OVA,,anime,tmdbId متشارك - أُعيدت المطابقة للنتيجة الصحيحة,70590,62745,https://pub-7bd753a4463049929e562aa677ad4251.r2.dev/anime/اوفا-dungeon-ni-deai-wo-motomeru-no-wa-machigatteiru-darou-ka-ii-ova.jpg,صورة من CSV
اوفا-dungeon-ni-deai-wo-motomeru-no-wa-machigatteiru-darou-ka-iii-ova,Dungeon ni Deai wo Motomeru no wa Machigatteiru Darou ka III OVA,,anime,tmdbId متشارك - أُعيدت المطابقة للنتيجة الصحيحة,70590,62745,https://pub-7bd753a4463049929e562aa677ad4251.r2.dev/anime/اوفا-dungeon-ni-deai-wo-motomeru-no-wa-machigatteiru-darou-ka-iii-ova.jpg,صورة من CSV
اوفا-dungeon-ni-deai-wo-motomeru-no-wa-machigatteiru-darou-ka-ova,Dungeon ni Deai wo Motomeru no wa Machigatteiru Darou ka OVA,,anime,tmdbId متشارك - أُعيدت المطابقة للنتيجة الصحيحة,70590,62745,https://image.tmdb.org/t/p/w500/afGt9Agsm7YakvBm7oCazebprLr.jpg,صورة من TMDB
dungeon-ni-deai-wo-motomeru-no-wa-machigatteiru-darou-ka-v-houjou-no-megami-hen,Dungeon ni Deai wo Motomeru no wa Machigatteiru Darou ka V: Houjou no Megami-hen,,anime,tmdbId متشارك - أُعيدت المطابقة للنتيجة الصحيحة,70590,62745,https://pub-7bd753a4463049929e562aa677ad4251.r2.dev/anime/dungeon-ni-deai-wo-motomeru-no-wa-machigatteiru-darou-ka-v-houjou-no-megami-hen.jpg,صورة من CSV
haikyuu-second-season,Haikyuu!! Second Season,,anime,مطابقة خاطئة (تشابه أسماء) - أُلغي الإثراء,461762,,https://pub-7bd753a4463049929e562aa677ad4251.r2.dev/anime/haikyuu-second-season.jpg,صورة من CSV
الحلقة-الخاصة-hajime-no-ippo-champion-road,Hajime no Ippo: Champion Road,,anime,مطابقة خاطئة (تشابه أسماء) - أُلغي الإثراء,45287,,https://pub-7bd753a4463049929e562aa677ad4251.r2.dev/anime/الحلقة-الخاصة-hajime-no-ippo-champion-road.png,صورة من CSV
اوفا-hajime-no-ippo-mashiba-vs-kimura,Hajime no Ippo: Mashiba vs. Kimura,,anime,مطابقة خاطئة (تشابه أسماء) - أُلغي الإثراء,45288,,https://pub-7bd753a4463049929e562aa677ad4251.r2.dev/anime/اوفا-hajime-no-ippo-mashiba-vs-kimura.jpg,صورة من CSV
heike-monogatari,Heike Monogatari,1972,anime,مطابقة خاطئة (تشابه أسماء) - أُلغي الإثراء,117999,,https://pub-7bd753a4463049929e562aa677ad4251.r2.dev/anime/heike-monogatari.png,صورة من CSV
hundred,Hundred,2016,anime,مطابقة خاطئة (تشابه أسماء) - أُلغي الإثراء,97683,,https://pub-7bd753a4463049929e562aa677ad4251.r2.dev/anime/hundred.png,صورة من CSV
jian-lai,Jian Lai,2024,anime,مطابقة خاطئة (تشابه أسماء) - أُلغي الإثراء,305121,,https://image.tmdb.org/t/p/w500/44LJUcedKZ7fsFeWeOvtLIJzEU.jpg,صورة من TMDB
k-project,K-Project,2012,anime,tmdbId متشارك - أُعيدت المطابقة للنتيجة الصحيحة,45799,63972,https://pub-7bd753a4463049929e562aa677ad4251.r2.dev/anime/k-project.png,صورة من CSV
kabushikigaisha-magi-lumiere,Kabushikigaisha Magi Lumiere,2024,anime,tmdbId متشارك - أُلغي الإثراء (لا نتيجة موثوقة),240576,,https://pub-7bd753a4463049929e562aa677ad4251.r2.dev/anime/kabushikigaisha-magi-lumiere.jpg,صورة من CSV
kara-no-kyoukai-movie-8-shuushou,Kara no Kyoukai Movie 8: Shuushou,,anime,مطابقة خاطئة (تشابه أسماء) - أُلغي الإثراء,47747,,https://pub-7bd753a4463049929e562aa677ad4251.r2.dev/anime/kara-no-kyoukai-movie-8-shuushou.png,صورة من CSV
kurukshetra,Kurukshetra,2025,anime,مطابقة خاطئة (تشابه أسماء) - أُلغي الإثراء,300894,,https://image.tmdb.org/t/p/w500/xbafLh6kWkWf87dqHdoHFDWGot9.jpg,صورة من TMDB
megalo-box,Megalo Box,2018,anime,مطابقة خاطئة (تشابه أسماء) - أُلغي الإثراء,301022,,https://pub-7bd753a4463049929e562aa677ad4251.r2.dev/anime/megalo-box.jpg,صورة من CSV
meitantei-precure,Meitantei Precure,2026,anime,مطابقة خاطئة (تشابه أسماء) - أُلغي الإثراء,306721,,https://pub-7bd753a4463049929e562aa677ad4251.r2.dev/anime/meitantei-precure.jpg,صورة من CSV
mikata-ga-yowasugite-hojo-mahou,Mikata ga Yowasugite Hojo Mahou,2025,anime,tmdbId متشارك - أُلغي الإثراء (لا نتيجة موثوقة),286984,,https://pub-7bd753a4463049929e562aa677ad4251.r2.dev/anime/mikata-ga-yowasugite-hojo-mahou.jpg,صورة من CSV
omoide-poroporo,Omoide Poroporo,,anime,مطابقة خاطئة (تشابه أسماء) - أُلغي الإثراء,15080,,https://pub-7bd753a4463049929e562aa677ad4251.r2.dev/anime/omoide-poroporo.jpg,صورة من CSV
الحلقة-الخاصة-one-piece-3d2y-ace-no-shi-wo-koete-luffy-nakama-tono-chikai,One Piece 3D2Y: Ace no shi wo Koete! Luffy Nakama Tono Chikai,,anime,مطابقة خاطئة (تشابه أسماء) - أُلغي الإثراء,290271,,https://pub-7bd753a4463049929e562aa677ad4251.r2.dev/anime/الحلقة-الخاصة-one-piece-3d2y-ace-no-shi-wo-koete-luffy-nakama-tono-chikai.jpg,صورة من CSV
الحلقة-الخاصة-one-piece-episode-of-merry-mou-hitori-no-nakama-no-monogatari,One Piece: Episode of Merry - Mou Hitori no Nakama no Monogatari,,anime,مطابقة خاطئة (تشابه أسماء) - أُلغي الإثراء,245538,,https://pub-7bd753a4463049929e562aa677ad4251.r2.dev/anime/الحلقة-الخاصة-one-piece-episode-of-merry-mou-hitori-no-nakama-no-monogatari.jpg,صورة من CSV
pokemon-mezase-pokemon-master,Pokemon: Mezase Pokemon Master,1997,anime,مطابقة خاطئة (تشابه أسماء) - أُلغي الإثراء,60572,,https://image.tmdb.org/t/p/w500/x7ISTLv6ijdNtCyPndyRV2eK6eg.jpg,صورة من TMDB
saikyou-no-shokugyou,Saikyou no Shokugyou,2026,anime,tmdbId متشارك - أُلغي الإثراء (لا نتيجة موثوقة),303460,,/og-default.png,صورة من CSV
shachou-battle-no-jikan-desu,"Shachou, Battle no Jikan desu!",2020,anime,مطابقة خاطئة (تشابه أسماء) - أُلغي الإثراء,98584,,https://pub-7bd753a4463049929e562aa677ad4251.r2.dev/anime/shachou-battle-no-jikan-desu.jpg,صورة من CSV
shuumatsu-no-walkure-iii,Shuumatsu no Walkure III,2021,anime,tmdbId متشارك - أُلغي الإثراء (لا نتيجة موثوقة),114868,,https://pub-7bd753a4463049929e562aa677ad4251.r2.dev/anime/shuumatsu-no-walkure-iii.jpg,صورة من CSV
tamon-kun-ima-docchi,Tamon-kun Ima Docchi,2026,anime,مطابقة خاطئة (تشابه أسماء) - أُلغي الإثراء,276393,,https://pub-7bd753a4463049929e562aa677ad4251.r2.dev/anime/tamon-kun-ima-docchi.jpg,صورة من CSV
الحلقة-الخاصة-umi-ga-kikoeru,Umi ga Kikoeru,,anime,مطابقة خاطئة (تشابه أسماء) - أُلغي الإثراء,21057,,https://pub-7bd753a4463049929e562aa677ad4251.r2.dev/anime/الحلقة-الخاصة-umi-ga-kikoeru.jpg,صورة من CSV
youkoso-jitsuryoku-shijou-shugi-no-kyoushitsu-e-4th-season-2-nensei-hen-1-gakki,Youkoso Jitsuryoku Shijou Shugi no Kyoushitsu e 4th Season: 2-nensei-hen 1 Gakki,,anime,tmdbId متشارك - أُلغي الإثراء (لا نتيجة موثوقة),72517,,https://pub-7bd753a4463049929e562aa677ad4251.r2.dev/anime/youkoso-jitsuryoku-shijou-shugi-no-kyoushitsu-e-4th-season-2-nensei-hen-1-gakki.jpg,صورة من CSV
yuusha-party-o-tsuiho-sareta-shiro-madoshi,Yuusha Party o Tsuiho Sareta Shiro Madoshi,2025,anime,tmdbId متشارك - أُلغي الإثراء (لا نتيجة موثوقة),284771,,,بلا صورة (placeholder)
yuusha-yamemasu,"Yuusha, Yamemasu",2022,anime,مطابقة خاطئة (تشابه أسماء) - أُلغي الإثراء,136763,,https://pub-7bd753a4463049929e562aa677ad4251.r2.dev/anime/yuusha-yamemasu.jpg,صورة من CSV
بدلة-الزفاف-2-c-takimi-2-2025,2 C Takimi 2,2025,movie,مطابقة خاطئة (تشابه أسماء) - أُلغي الإثراء,1250054,,https://image.tmdb.org/t/p/w500/1HBhTscXr0HKrBJmweS6OUlAvVs.jpg,صورة من TMDB
2022-1992-مترجم-اون-لاين,2022 1992,2022,movie,مطابقة خاطئة (تشابه أسماء) - أُلغي الإثراء,1555301,,https://pub-7bd753a4463049929e562aa677ad4251.r2.dev/movie/2022-1992-مترجم-اون-لاين.jpg,صورة من CSV
4pm-2024,4PM,2024,movie,مطابقة خاطئة (تشابه أسماء) - أُلغي الإثراء,1560252,,https://image.tmdb.org/t/p/w500/h9Pb21R8XpErFm8jl4EgjZplYca.jpg,صورة من TMDB
7-steps-2025-مترجم-اون-لاين,7 Steps,2025,movie,مطابقة خاطئة (تشابه أسماء) - أُلغي الإثراء,254777,,https://pub-7bd753a4463049929e562aa677ad4251.r2.dev/movie/7-steps-2025-مترجم-اون-لاين.jpg,صورة من CSV
7g-2024,7G,2024,movie,مطابقة خاطئة (تشابه أسماء) - أُلغي الإثراء,1312654,,https://image.tmdb.org/t/p/w500/lPochZAucar1LVMTs2lSlXlKLmm.jpg,صورة من TMDB
a-muse-2012,A Muse,1986,movie,مطابقة خاطئة (تشابه أسماء) - أُلغي الإثراء,9426,,https://image.tmdb.org/t/p/w500/8gZWMhJHRvaXdXsNhERtqNHYpH3.jpg,صورة من TMDB
a-part-of-you-2024,A Part of You,2024,movie,مطابقة خاطئة (تشابه أسماء) - أُلغي الإثراء,1367163,,https://image.tmdb.org/t/p/w500/k5drATQ5fIn0F1MYPHtyFAq5bT2.jpg,صورة من TMDB
a-poet-2025,A Poet,2025,movie,مطابقة خاطئة (تشابه أسماء) - أُلغي الإثراء,1556332,,https://pub-7bd753a4463049929e562aa677ad4251.r2.dev/movie/a-poet-2025.jpg,صورة من CSV
a-silent-escape-2025,A Silent Escape,2020,movie,مطابقة خاطئة (تشابه أسماء) - أُلغي الإثراء,1436943,,https://image.tmdb.org/t/p/w500/se7Lnb9mE4GKGDLn6S2ShGiByba.jpg,صورة من TMDB
a-r-m-2024,A.R.M,2024,movie,مطابقة خاطئة (تشابه أسماء) - أُلغي الإثراء,890138,,https://image.tmdb.org/t/p/w500/OClpEeRlHK3DrFO7QtWXtpDIOK.jpg,صورة من TMDB
ace-2025,Ace,2025,movie,مطابقة خاطئة (تشابه أسماء) - أُلغي الإثراء,1531316,,https://image.tmdb.org/t/p/w500/xN9TIGttzJpvzeYGpJoYifrqMFS.jpg,صورة من TMDB
agent-2023,Agent,2022,movie,مطابقة خاطئة (تشابه أسماء) - أُلغي الإثراء,846956,,https://image.tmdb.org/t/p/w500/4tOaGR6mzUAEQzIgWCeVoneRIkp.jpg,صورة من TMDB
almost-family-2025,Almost Family,2025,movie,مطابقة خاطئة (تشابه أسماء) - أُلغي الإثراء,1432226,,https://image.tmdb.org/t/p/w500/1aA5ZcKF2QzuadI6TGQGbiD00IF.jpg,صورة من TMDB
amaran-2024,Amaran,2024,movie,مطابقة خاطئة (تشابه أسماء) - أُلغي الإثراء,1371786,,https://image.tmdb.org/t/p/w500/ff2Lipcp9bH8GvFVBKNJUFAZGPd.jpg,صورة من TMDB
april-2024,April,2022,movie,مطابقة خاطئة (تشابه أسماء) - أُلغي الإثراء,1065997,,https://image.tmdb.org/t/p/w500/yD7dR5khuCDQv7SRKsOdIQeXdGg.jpg,صورة من TMDB
arachnid-2025-مترجم-اون-لاين,Arachnid,2025,movie,مطابقة خاطئة (تشابه أسماء) - أُلغي الإثراء,1489498,,https://pub-7bd753a4463049929e562aa677ad4251.r2.dev/movie/arachnid-2025-مترجم-اون-لاين.jpg,صورة من CSV
artiste-2025,Artiste,2025,movie,مطابقة خاطئة (تشابه أسماء) - أُلغي الإثراء,1590808,,https://image.tmdb.org/t/p/w500/jk8xva441IG6Vr3BMgHeYnAtpSz.jpg,صورة من TMDB
backlash-2025-مترجم-اون-لاين,Backlash,2025,movie,مطابقة خاطئة (تشابه أسماء) - أُلغي الإثراء,1448936,,https://pub-7bd753a4463049929e562aa677ad4251.r2.dev/movie/backlash-2025-مترجم-اون-لاين.jpg,صورة من CSV
baloch-2023,Baloch,2023,movie,مطابقة خاطئة (تشابه أسماء) - أُلغي الإثراء,1145014,,https://image.tmdb.org/t/p/w500/gKP2adLjsljm9RaSmkW8t5S7M9l.jpg,صورة من TMDB
barroz-2024,Barroz,2024,movie,مطابقة خاطئة (تشابه أسماء) - أُلغي الإثراء,627304,,https://image.tmdb.org/t/p/w500/uv0MQn1EYH9qK7bO8jZG0Cu8R4P.jpg,صورة من TMDB
below-2023,Below,2023,movie,مطابقة خاطئة (تشابه أسماء) - أُلغي الإثراء,1101119,,https://image.tmdb.org/t/p/w500/c5aq2QxC6Lv7MLpZm9M1aS9Fubi.jpg,صورة من TMDB
beyond-the-wall-2022,Beyond the Wall,2022,movie,مطابقة خاطئة (تشابه أسماء) - أُلغي الإثراء,1096409,,https://image.tmdb.org/t/p/w500/4m9tHc9g1Pm1H6UlmK0KSggVK2s.jpg,صورة من TMDB
biker-2026,Biker,2026,movie,مطابقة خاطئة (تشابه أسماء) - أُلغي الإثراء,1667189,,https://pub-7bd753a4463049929e562aa677ad4251.r2.dev/movie/biker-2026.jpg,صورة من CSV
bionic-2024,Bionic,2024,movie,مطابقة خاطئة (تشابه أسماء) - أُلغي الإثراء,1260348,,https://image.tmdb.org/t/p/w500/84Jvj6aHpJLn7D0Yy1ae4zroh4q.jpg,صورة من TMDB
blind-2011,Blind,2009,movie,مطابقة خاطئة (تشابه أسماء) - أُلغي الإثراء,22881,,https://image.tmdb.org/t/p/w500/bMgq7VBriuBFknXEe9E9pVBYGZq.jpg,صورة من TMDB
حب-بلا-وعي-2019-blind-love,Blind Love,2019,movie,مطابقة خاطئة (تشابه أسماء) - أُلغي الإثراء,345919,,https://image.tmdb.org/t/p/w500/z6AJP63GQCt0EIiDOm4H5sYLInv.jpg,صورة من TMDB
boss-2025,Boss,2021,movie,مطابقة خاطئة (تشابه أسماء) - أُلغي الإثراء,513310,,https://image.tmdb.org/t/p/w500/kaOV7OSXrxPcsgNCqyJ2XeEXins.jpg,صورة من TMDB
boundless-2024,Boundless,2024,movie,مطابقة خاطئة (تشابه أسماء) - أُلغي الإثراء,1521163,,https://image.tmdb.org/t/p/w500/lTao0uAh2SPsSq7k2toBZXTbXyc.jpg,صورة من TMDB
فيلم-bubble,Bubble,2001,movie,مطابقة خاطئة (تشابه أسماء) - أُلغي الإثراء,9683,,https://pub-7bd753a4463049929e562aa677ad4251.r2.dev/anime/فيلم-bubble.jpg,صورة من CSV
burning-2018,Burning,1988,movie,مطابقة خاطئة (تشابه أسماء) - أُلغي الإثراء,1632,,https://image.tmdb.org/t/p/w500/wvEx2WbxZXYljQ9vSoq37NgeXcJ.jpg,صورة من TMDB
الساحرة-cadi-2024,Cadi,2024,movie,مطابقة خاطئة (تشابه أسماء) - أُلغي الإثراء,1250999,,https://image.tmdb.org/t/p/w500/9KeE7l8Lc0ma8ged6DjXaR8Geiz.jpg,صورة من TMDB
camp-2023,Camp,2023,movie,مطابقة خاطئة (تشابه أسماء) - أُلغي الإثراء,986054,,https://image.tmdb.org/t/p/w500/2osbLk1MMt9qjXPKSB2hMcBUyrw.jpg,صورة من TMDB
captura-2023,Captura,2023,movie,مطابقة خاطئة (تشابه أسماء) - أُلغي الإثراء,1179621,,https://image.tmdb.org/t/p/w500/vwfd0gAi9A4tT38Kf7mEulGnAwj.jpg,صورة من TMDB
chandra-2026,Chandra,2026,movie,مطابقة خاطئة (تشابه أسماء) - أُلغي الإثراء,1538861,,https://image.tmdb.org/t/p/w500/bUUeh0Zpe02HEWDjIqyzil0uaep.jpg,صورة من TMDB
check-2021,Check,2021,movie,مطابقة خاطئة (تشابه أسماء) - أُلغي الإثراء,869275,,https://image.tmdb.org/t/p/w500/c3R4syw4XyTAxMtYj9tRnSNnacS.jpg,صورة من TMDB
فيلم-code-geass-boukoku-no-akito-2-hikisakareshi-yokuryuu-مترجم,Code Geass: Boukoku no Akito 2 - Hikisakareshi Yokuryuu,,movie,مطابقة خاطئة (تشابه أسماء) - أُلغي الإثراء,212161,,https://pub-7bd753a4463049929e562aa677ad4251.r2.dev/anime/فيلم-code-geass-boukoku-no-akito-2-hikisakareshi-yokuryuu-مترجم.jpg,صورة من CSV
coffee-2022,Coffee,2004,movie,مطابقة خاطئة (تشابه أسماء) - أُلغي الإثراء,883,,https://image.tmdb.org/t/p/w500/pfG02QCsutx3PIxFS8UY4iM9AsS.jpg,صورة من TMDB
colony-2026,Colony,2026,movie,مطابقة خاطئة (تشابه أسماء) - أُلغي الإثراء,1676498,,https://image.tmdb.org/t/p/w500/o4hrXJseY8bsdsmpSb0lskDuKDg.jpg,صورة من TMDB
dange-2024,Dange,2011,movie,مطابقة خاطئة (تشابه أسماء) - أُلغي الإثراء,48231,,https://image.tmdb.org/t/p/w500/7TPYtzq9ABkfED1JB0tRASamL4z.jpg,صورة من TMDB
dear-2024,DeAr,2024,movie,مطابقة خاطئة (تشابه أسماء) - أُلغي الإثراء,1235332,,https://image.tmdb.org/t/p/w500/cnicUcknz2DJzkUqILyZ8IJNEMF.jpg,صورة من TMDB
dead-man-1995-مترجم-اون-لاين,Dead Man,1995,movie,مطابقة خاطئة (تشابه أسماء) - أُلغي الإثراء,687,,https://pub-7bd753a4463049929e562aa677ad4251.r2.dev/movie/dead-man-1995-مترجم-اون-لاين.jpg,صورة من CSV
desperado-2024,Desperado,2024,movie,مطابقة خاطئة (تشابه أسماء) - أُلغي الإثراء,1244247,,https://image.tmdb.org/t/p/w500/iiJfTlrQ7rSXu2rBOv7JeYSV5L.jpg,صورة من TMDB
deva-2025,Deva,2024,movie,مطابقة خاطئة (تشابه أسماء) - أُلغي الإثراء,1337415,,,بلا صورة (placeholder)
devil-2023,Devil,2022,movie,مطابقة خاطئة (تشابه أسماء) - أُلغي الإثراء,676547,,,بلا صورة (placeholder)
diesel-2025,Diesel,2025,movie,مطابقة خاطئة (تشابه أسماء) - أُلغي الإثراء,1519147,,https://pub-7bd753a4463049929e562aa677ad4251.r2.dev/movie/diesel-2025.jpg,صورة من CSV
divorce-2024-مترجم-اون-لاين,Divorce,2024,movie,مطابقة خاطئة (تشابه أسماء) - أُلغي الإثراء,1133540,,https://pub-7bd753a4463049929e562aa677ad4251.r2.dev/movie/divorce-2024-مترجم-اون-لاين.jpg,صورة من CSV
drive-2025,Drive,2001,movie,مطابقة خاطئة (تشابه أسماء) - أُلغي الإثراء,1018,,https://image.tmdb.org/t/p/w500/im0T2n4XkaacS8OIMuYt4K9ftcb.jpg,صورة من TMDB
dude-2025,Dude,2025,movie,مطابقة خاطئة (تشابه أسماء) - أُلغي الإثراء,1714357,,https://image.tmdb.org/t/p/w500/9umk1gHwovUQ4k0djHjKghJsMe5.jpg,صورة من TMDB
dunki-2023,Dunki,2023,movie,مطابقة خاطئة (تشابه أسماء) - أُلغي الإثراء,1221881,,https://image.tmdb.org/t/p/w500/bLxMtWbLe90fUyKulUS01uAvCW9.jpg,صورة من TMDB
بيت-الزفاف-d-n-evi-2025,Düğün Evi,2023,movie,مطابقة خاطئة (تشابه أسماء) - أُلغي الإثراء,82881,,,بلا صورة (placeholder)
ehrengard-the-art-of-seduction-2023-مترجم-اون-لاين,Ehrengard: The Art of Seduction,2023,movie,مطابقة خاطئة (تشابه أسماء) - أُلغي الإثراء,1178064,,https://pub-7bd753a4463049929e562aa677ad4251.r2.dev/movie/ehrengard-the-art-of-seduction-2023-مترجم-اون-لاين.jpg,صورة من CSV
eleven-2025,Eleven,2025,movie,مطابقة خاطئة (تشابه أسماء) - أُلغي الإثراء,1433001,,https://image.tmdb.org/t/p/w500/k9DxMujMF6OaazzZT6qe99M9aSQ.jpg,صورة من TMDB
emergency-2025,Emergency,2025,movie,مطابقة خاطئة (تشابه أسماء) - أُلغي الإثراء,1314802,,https://image.tmdb.org/t/p/w500/uqUJ1a391vHhAk8SmSQnNPIT8fi.jpg,صورة من TMDB
euphoria-2026,Euphoria,2026,movie,مطابقة خاطئة (تشابه أسماء) - أُلغي الإثراء,1635340,,https://image.tmdb.org/t/p/w500/hRBNbqe7TPsqw7hQCQ1DY96BeHH.jpg,صورة من TMDB
fast-and-furious-2009-مترجم-اون-لاين,Fast And Furious,2009,movie,مطابقة خاطئة (تشابه أسماء) - أُلغي الإثراء,253835,,https://pub-7bd753a4463049929e562aa677ad4251.r2.dev/movie/fast-and-furious-2009-مترجم-اون-لاين.jpg,صورة من CSV
faster-2025,Faster,2025,movie,مطابقة خاطئة (تشابه أسماء) - أُلغي الإثراء,1631397,,https://image.tmdb.org/t/p/w500/b9MWF0HbU367GdCdrvo9EQu6xCr.jpg,صورة من TMDB
فيلم-fate-grand-order-shinsei-entaku-ryouiki-camelot-2-paladin-agateram,Fate/Grand Order: Shinsei Entaku Ryouiki Camelot 2 - Paladin; Agateram,,movie,tmdbId متشارك - أُعيدت المطابقة للنتيجة الصحيحة,637202,637462,https://image.tmdb.org/t/p/w500/xyARHtLBQ5Dl4Xzlpnr5Ukg3NHy.jpg,صورة من TMDB
forever-forever-2023,Forever-Forever,1995,movie,مطابقة خاطئة (تشابه أسماء) - أُلغي الإثراء,414,,https://image.tmdb.org/t/p/w500/i0fJS8M5UKoETjjJ0zwUiKaR8tr.jpg,صورة من TMDB
freedom-2024,Freedom,2023,movie,مطابقة خاطئة (تشابه أسماء) - أُلغي الإثراء,678512,,https://image.tmdb.org/t/p/w500/qA5kPYZA7FkVvqcEfJRoOy4kpHg.jpg,صورة من TMDB
frontline-2025,Frontline,2025,movie,مطابقة خاطئة (تشابه أسماء) - أُلغي الإثراء,1576465,,https://image.tmdb.org/t/p/w500/zD5GPWuGJojTCUttSsFxoxvBNMo.jpg,صورة من TMDB
gangstas-2025-مترجم-اون-لاين,Gangstas,2025,movie,مطابقة خاطئة (تشابه أسماء) - أُلغي الإثراء,1614098,,https://pub-7bd753a4463049929e562aa677ad4251.r2.dev/movie/gangstas-2025-مترجم-اون-لاين.jpg,صورة من CSV
بدلة-الزفاف-gelin-takimi-2024,Gelin Takimi,2024,movie,مطابقة خاطئة (تشابه أسماء) - أُلغي الإثراء,1288455,,https://image.tmdb.org/t/p/w500/1zdd12EhiMeyoqSaKYGvbeH7FKh.jpg,صورة من TMDB
ghatikachalam-2025,Ghatikachalam,2025,movie,مطابقة خاطئة (تشابه أسماء) - أُلغي الإثراء,1579744,,https://image.tmdb.org/t/p/w500/sBjt3Y54MUPyzwhOrWTl5al7Wsm.jpg,صورة من TMDB
green-2024,Green,1999,movie,مطابقة خاطئة (تشابه أسماء) - أُلغي الإثراء,497,,https://image.tmdb.org/t/p/w500/vAHuvaUC885P78BNS3BMu9qM7ve.jpg,صورة من TMDB
green-night-2023,Green Night,2023,movie,مطابقة خاطئة (تشابه أسماء) - أُلغي الإثراء,1182776,,https://image.tmdb.org/t/p/w500/bHJCwRFmy9qvPaFNaXG81ar7Hao.jpg,صورة من TMDB
ground-zero-2021,Ground Zero,2021,movie,مطابقة خاطئة (تشابه أسماء) - أُلغي الإثراء,1574885,,https://image.tmdb.org/t/p/w500/8vY1wX9tp3XP6PkPFo0btRGapSq.jpg,صورة من TMDB
guardian-2024,Guardian,2024,movie,مطابقة خاطئة (تشابه أسماء) - أُلغي الإثراء,1281626,,https://image.tmdb.org/t/p/w500/5Ygv8pQlaIDRgCTFlLhPVF8qrkE.jpg,صورة من TMDB
haile-2023,Haile,2023,movie,مطابقة خاطئة (تشابه أسماء) - أُلغي الإثراء,1143839,,https://image.tmdb.org/t/p/w500/5ryMVYaS0E48OytakguxEDRty4O.jpg,صورة من TMDB
haile-2-2023,Haile 2,2023,movie,مطابقة خاطئة (تشابه أسماء) - أُلغي الإثراء,1215182,,https://image.tmdb.org/t/p/w500/8eOYDYX2iSpuEbJRjQTAPzFW8zO.jpg,صورة من TMDB
فيلم-hal-مترجم,Hal,,movie,مطابقة خاطئة (تشابه أسماء) - أُلغي الإثراء,9889,,https://pub-7bd753a4463049929e562aa677ad4251.r2.dev/anime/فيلم-hal-مترجم.jpg,صورة من CSV
her-body-2023,Her Body,2023,movie,مطابقة خاطئة (تشابه أسماء) - أُلغي الإثراء,1114972,,https://image.tmdb.org/t/p/w500/iqP6SpWWqEpX9fvdllqjnDaqHp3.jpg,صورة من TMDB
here-2023-مترجم-اون-لاين,Here,2023,movie,مطابقة خاطئة (تشابه أسماء) - أُلغي الإثراء,1083055,,https://pub-7bd753a4463049929e562aa677ad4251.r2.dev/movie/here-2023-مترجم-اون-لاين.jpg,صورة من CSV
heresy-2024,Heresy,2024,movie,مطابقة خاطئة (تشابه أسماء) - أُلغي الإثراء,1294431,,https://image.tmdb.org/t/p/w500/sCmYqPoXAs35381OpwA0FgJqTdn.jpg,صورة من TMDB
heroic-2023-مترجم-اون-لاين,Heroic,2023,movie,مطابقة خاطئة (تشابه أسماء) - أُلغي الإثراء,1337281,,https://pub-7bd753a4463049929e562aa677ad4251.r2.dev/movie/heroic-2023-مترجم-اون-لاين.jpg,صورة من CSV
hijacked-2025,Hijacked,2024,movie,مطابقة خاطئة (تشابه أسماء) - أُلغي الإثراء,1062347,,https://image.tmdb.org/t/p/w500/k1jAAtAMA81zEUDGUaGDnd6rGlM.jpg,صورة من TMDB
himalaya-2015,Himalaya,2012,movie,مطابقة خاطئة (تشابه أسماء) - أُلغي الإثراء,470184,,https://image.tmdb.org/t/p/w500/oKWa0t8o20UUss5tHeoWfhVH1Mu.jpg,صورة من TMDB
hit-list-2024,Hit List,2024,movie,مطابقة خاطئة (تشابه أسماء) - أُلغي الإثراء,1473282,,https://image.tmdb.org/t/p/w500/itijChBgiw1KdhCJaCKHK3yKAWW.jpg,صورة من TMDB
hitler-2024,Hitler,2024,movie,مطابقة خاطئة (تشابه أسماء) - أُلغي الإثراء,1556043,,https://image.tmdb.org/t/p/w500/zlh3DiOnAWrgVrBFxxBLdYhMWE6.jpg,صورة من TMDB
homunculus-2021,Homunculus,2021,movie,مطابقة خاطئة (تشابه أسماء) - أُلغي الإثراء,828320,,https://image.tmdb.org/t/p/w500/iYtBNdee1ASFcyq9WrU9lRqaAGu.jpg,صورة من TMDB
hopeless-2023,Hopeless,2023,movie,مطابقة خاطئة (تشابه أسماء) - أُلغي الإثراء,1129108,,https://image.tmdb.org/t/p/w500/qXW3Q9jNMUEnN9eslJjP3Oe56j0.jpg,صورة من TMDB
horizon-2024,Horizon,2020,movie,مطابقة خاطئة (تشابه أسماء) - أُلغي الإثراء,602654,,https://image.tmdb.org/t/p/w500/vWGkIHeCLw9wWvPXnPTOM9d5GiK.jpg,صورة من TMDB
hounds-2023,Hounds,2023,movie,مطابقة خاطئة (تشابه أسماء) - أُلغي الإثراء,1341121,,https://image.tmdb.org/t/p/w500/syb9eNQUSgtdeiS0tJZCcmCRmbJ.jpg,صورة من TMDB
i-want-you-2012,I Want You,2012,movie,مطابقة خاطئة (تشابه أسماء) - أُلغي الإثراء,1036399,,https://pub-7bd753a4463049929e562aa677ad4251.r2.dev/movie/i-want-you-2012.jpg,صورة من CSV
ipl-2025,IPL,2025,movie,مطابقة خاطئة (تشابه أسماء) - أُلغي الإثراء,1565650,,https://image.tmdb.org/t/p/w500/vXNuxvpzCkw22wnO9Uvjn7KmV1I.jpg,صورة من TMDB
indian-2-2024,Indian 2,2024,movie,مطابقة خاطئة (تشابه أسماء) - أُلغي الإثراء,552398,,https://image.tmdb.org/t/p/w500/fPoiIfqmVfNYZRVUtfTSyuAj8Tw.jpg,صورة من TMDB
infiltration-2022,Infiltration,2022,movie,مطابقة خاطئة (تشابه أسماء) - أُلغي الإثراء,1024627,,https://image.tmdb.org/t/p/w500/uj6BjK7OXSCDhg0AjC2duL34vwQ.jpg,صورة من TMDB
init-2024,Init,2024,movie,مطابقة خاطئة (تشابه أسماء) - أُلغي الإثراء,1462219,,https://image.tmdb.org/t/p/w500/g6LYkTVHznHUfhJNpBdVljO40X9.jpg,صورة من TMDB
فيلم-inu-ou,Inu-Ou,2011,movie,مطابقة خاطئة (تشابه أسماء) - أُلغي الإثراء,1636596,,https://pub-7bd753a4463049929e562aa677ad4251.r2.dev/anime/فيلم-inu-ou.jpg,صورة من CSV
justice-2024,Justice,2023,movie,مطابقة خاطئة (تشابه أسماء) - أُلغي الإثراء,982940,,https://image.tmdb.org/t/p/w500/osUFKfa5D1wskPHahUM3GAm1HVh.jpg,صورة من TMDB
kalan-2025,Kalan,2025,movie,مطابقة خاطئة (تشابه أسماء) - أُلغي الإثراء,1552288,,https://image.tmdb.org/t/p/w500/yC3Zwih05ETLYevyYl6ekYNmw12.jpg,صورة من TMDB
فيلم-kanojo-to-kanojo-no-neko-everything-flows,Kanojo to Kanojo no Neko: Everything Flows,2016,movie,مطابقة خاطئة (تشابه أسماء) - أُلغي الإثراء,403064,,https://pub-7bd753a4463049929e562aa677ad4251.r2.dev/anime/فيلم-kanojo-to-kanojo-no-neko-everything-flows.jpg,صورة من CSV
kara-2026,Kara,2026,movie,مطابقة خاطئة (تشابه أسماء) - أُلغي الإثراء,1645269,,https://pub-7bd753a4463049929e562aa677ad4251.r2.dev/movie/kara-2026.jpg,صورة من CSV
فيلم-karakai-jouzu-no-takagi-san-movie,Karakai Jouzu no Takagi-san Movie,,movie,tmdbId متشارك - أُعيدت المطابقة للنتيجة الصحيحة,1210989,938567,https://image.tmdb.org/t/p/w500/x78DgjTLhf483UA7xF5u7Yt7J9k.jpg,صورة من TMDB
kennedy-2023,Kennedy,2023,movie,مطابقة خاطئة (تشابه أسماء) - أُلغي الإثراء,1200994,,https://image.tmdb.org/t/p/w500/aevX8O2kQl3qMlnHxB1IrIYcDLC.jpg,صورة من TMDB
kidnapped-2023-مترجم-اون-لاين,Kidnapped,2023,movie,مطابقة خاطئة (تشابه أسماء) - أُلغي الإثراء,1146719,,https://pub-7bd753a4463049929e562aa677ad4251.r2.dev/movie/kidnapped-2023-مترجم-اون-لاين.jpg,صورة من CSV
kingston-2025,Kingston,2025,movie,مطابقة خاطئة (تشابه أسماء) - أُلغي الإثراء,1428962,,https://image.tmdb.org/t/p/w500/okRDqkhBtISNEs6xrJjspvraiiU.jpg,صورة من TMDB
let-go-2024,Let Go,2024,movie,tmdbId متشارك - أُعيدت المطابقة للنتيجة الصحيحة,814889,1214484,https://image.tmdb.org/t/p/w500/hyLKAvkKqUb57STkTiPno2nw4Fx.jpg,صورة من TMDB
locker-2023,Locker,2022,movie,مطابقة خاطئة (تشابه أسماء) - أُلغي الإثراء,1162685,,https://image.tmdb.org/t/p/w500/4yW2CRh3ToYtUPFHvlBLwa5QuBj.jpg,صورة من TMDB
lot-no-249-2023-مترجم-اون-لاين,Lot No. 249,2023,movie,مطابقة خاطئة (تشابه أسماء) - أُلغي الإثراء,1194909,,https://pub-7bd753a4463049929e562aa677ad4251.r2.dev/movie/lot-no-249-2023-مترجم-اون-لاين.jpg,صورة من CSV
love-forever-2025,Love Forever,2025,movie,مطابقة خاطئة (تشابه أسماء) - أُلغي الإثراء,1229893,,https://image.tmdb.org/t/p/w500/bbCPdF56Bo0pLUvcLngv7MDC12S.jpg,صورة من TMDB
love-war-2025,Love+War,2024,movie,مطابقة خاطئة (تشابه أسماء) - أُلغي الإثراء,1518910,,,بلا صورة (placeholder)
l-uomo-che-guarda-1994,L’uomo che guarda,2009,movie,مطابقة خاطئة (تشابه أسماء) - أُلغي الإثراء,443998,,https://image.tmdb.org/t/p/w500/asXwF3hvGJceLXtEPK3vkIn9Tvq.jpg,صورة من TMDB
max-2024,MAX,2015,movie,مطابقة خاطئة (تشابه أسماء) - أُلغي الإثراء,76341,,https://image.tmdb.org/t/p/w500/rvoQHUQGskr7HIQdsyYeOe0GYiL.jpg,صورة من TMDB
maa-2025,Maa,2025,movie,مطابقة خاطئة (تشابه أسماء) - أُلغي الإثراء,1167765,,https://image.tmdb.org/t/p/w500/eVDIB49fjQAHNz5squgsL87MWnU.jpg,صورة من TMDB
mafia-the-don-2024,Mafia The Don,2024,movie,مطابقة خاطئة (تشابه أسماء) - أُلغي الإثراء,112205,,https://image.tmdb.org/t/p/w500/wgy53vcf8QBWFQji2ibRdkOAR0W.jpg,صورة من TMDB
maharaj-2024,Maharaj,2024,movie,مطابقة خاطئة (تشابه أسماء) - أُلغي الإثراء,1388907,,https://image.tmdb.org/t/p/w500/eIL3FHbBnhue0cKutcT0dQF6sHy.jpg,صورة من TMDB
maharaja-2024,Maharaja,2024,movie,مطابقة خاطئة (تشابه أسماء) - أُلغي الإثراء,1322993,,https://image.tmdb.org/t/p/w500/3525kjUVh6ZDiwiMRMO73F0X2rD.jpg,صورة من TMDB
mario-2025,Mario,2023,movie,مطابقة خاطئة (تشابه أسماء) - أُلغي الإثراء,502356,,https://image.tmdb.org/t/p/w500/hpYfdZfL5Ht34X7Mk93N9ME5xxo.jpg,صورة من TMDB
mark-2025,Mark,2025,movie,مطابقة خاطئة (تشابه أسماء) - أُلغي الإثراء,1101647,,https://image.tmdb.org/t/p/w500/4vrI6wlheaLzEokROTow78EpA25.jpg,صورة من TMDB
marked-men-2025,Marked Men,2025,movie,مطابقة خاطئة (تشابه أسماء) - أُلغي الإثراء,1078600,,https://image.tmdb.org/t/p/w500/gZQU8BtCH2IbMZq6QETiU4HXQSR.jpg,صورة من TMDB
matka-2024,Matka,2024,movie,مطابقة خاطئة (تشابه أسماء) - أُلغي الإثراء,1223445,,https://image.tmdb.org/t/p/w500/sX4Jo05iS40yrPQYdYyraEJGQVx.jpg,صورة من TMDB
mayhem-2023,Mayhem!,2023,movie,مطابقة خاطئة (تشابه أسماء) - أُلغي الإثراء,614930,,https://image.tmdb.org/t/p/w500/gyh0eECE2IqrW8GWl3KoHBfc45j.jpg,صورة من TMDB
merry-christmas-2024,Merry Christmas,2024,movie,مطابقة خاطئة (تشابه أسماء) - أُلغي الإثراء,1383543,,https://image.tmdb.org/t/p/w500/gcpk0XJ7khXOcyecuS8L2tQgP2R.jpg,صورة من TMDB
methgator-2023,Methgator,2024,movie,tmdbId متشارك - أُلغي الإثراء (لا نتيجة موثوقة),1091298,,,بلا صورة (placeholder)
millionaire-2025,Millionaire,2025,movie,مطابقة خاطئة (تشابه أسماء) - أُلغي الإثراء,1370218,,https://image.tmdb.org/t/p/w500/85r4w6W1gik12iU49T2S6tXsRmg.jpg,صورة من TMDB
فيلم-mirai-no-mirai,Mirai no Mirai,2013,movie,مطابقة خاطئة (تشابه أسماء) - أُلغي الإثراء,93096,,https://pub-7bd753a4463049929e562aa677ad4251.r2.dev/anime/فيلم-mirai-no-mirai.jpg,صورة من CSV
miss-you-2024,Miss You,2024,movie,مطابقة خاطئة (تشابه أسماء) - أُلغي الإثراء,1262520,,https://image.tmdb.org/t/p/w500/84UKVMUqsfdurSJWaG0M1E4LiWn.jpg,صورة من TMDB
فيلم-mononoke-movie-karakasa-مترجم,Mononoke Movie: Karakasa,,movie,مطابقة خاطئة (تشابه أسماء) - أُلغي الإثراء,989730,,https://pub-7bd753a4463049929e562aa677ad4251.r2.dev/anime/فيلم-mononoke-movie-karakasa-مترجم.jpg,صورة من CSV
mrs-2023,Mrs,2023,movie,مطابقة خاطئة (تشابه أسماء) - أُلغي الإثراء,915865,,https://image.tmdb.org/t/p/w500/wEKwOfgo3IMGNNGkDF0WJQtrmIx.jpg,صورة من TMDB
naughty-2023,Naughty,2023,movie,مطابقة خاطئة (تشابه أسماء) - أُلغي الإثراء,936059,,https://image.tmdb.org/t/p/w500/5JoTI5Nrh2U639WfwUk0Akum7fQ.jpg,صورة من TMDB
no-limit-2022-مترجم-اون-لاين,No Limit,2022,movie,مطابقة خاطئة (تشابه أسماء) - أُلغي الإثراء,1014276,,https://pub-7bd753a4463049929e562aa677ad4251.r2.dev/movie/no-limit-2022-مترجم-اون-لاين.jpg,صورة من CSV
on-the-run-2024-مترجم-اون-لاين,On the Run,2024,movie,مطابقة خاطئة (تشابه أسماء) - أُلغي الإثراء,1225435,,https://pub-7bd753a4463049929e562aa677ad4251.r2.dev/movie/on-the-run-2024-مترجم-اون-لاين.jpg,صورة من CSV
one-mile-2026-مترجم-اون-لاين,One Mile,2026,movie,مطابقة خاطئة (تشابه أسماء) - أُلغي الإثراء,1327688,,https://pub-7bd753a4463049929e562aa677ad4251.r2.dev/movie/one-mile-2026-مترجم-اون-لاين.jpg,صورة من CSV
فيلم-one-piece-movie-1-مترجم,One Piece Movie 1,,movie,tmdbId متشارك - أُعيدت المطابقة للنتيجة الصحيحة,374205,19576,https://image.tmdb.org/t/p/w500/aRqQNSuXpcE3dkJC43aEg9f2HXd.jpg,صورة من TMDB
فيلم-one-piece-movie-2-nejimaki-jima-no-daibouken-مترجم,One Piece Movie 2: Nejimaki-jima no Daibouken,,movie,مطابقة خاطئة (تشابه أسماء) - أُلغي الإثراء,23446,,https://pub-7bd753a4463049929e562aa677ad4251.r2.dev/anime/فيلم-one-piece-movie-2-nejimaki-jima-no-daibouken-مترجم.jpg,صورة من CSV
one-win-2023,One Win,1963,movie,مطابقة خاطئة (تشابه أسماء) - أُلغي الإثراء,3685,,https://image.tmdb.org/t/p/w500/xOMhQgYHSAfuYRWmFpfb70P1yHP.jpg,صورة من TMDB
onibaba-1964,Onibaba,1964,movie,مطابقة خاطئة (تشابه أسماء) - أُلغي الإثراء,1283938,,https://image.tmdb.org/t/p/w500/48FQa9MNY86EayhbZJpMcrmkiOT.jpg,صورة من TMDB
our-girls-2025,Our Girls,2025,movie,مطابقة خاطئة (تشابه أسماء) - أُلغي الإثراء,1595884,,https://image.tmdb.org/t/p/w500/lvopQCPmq5dquTrWNccnhMbdeAG.jpg,صورة من TMDB
pani-2024,Pani,2023,movie,مطابقة خاطئة (تشابه أسماء) - أُلغي الإثراء,1310468,,https://image.tmdb.org/t/p/w500/25j2Hx5Cd0YEtaY9DkzJOIjNWKJ.jpg,صورة من TMDB
panoptikoni-2024,Panoptikoni,2025,movie,مطابقة خاطئة (تشابه أسماء) - أُلغي الإثراء,1213193,,https://image.tmdb.org/t/p/w500/65tzmhHWbTPyyC9ejmGfqwU0YIg.jpg,صورة من TMDB
2024-peacock,Peacock,2024,movie,مطابقة خاطئة (تشابه أسماء) - أُلغي الإثراء,1252049,,https://image.tmdb.org/t/p/w500/cEgXZX5dXgjqr3Ttti6HEo8QxPL.jpg,صورة من TMDB
petta-2019,Petta,2019,movie,مطابقة خاطئة (تشابه أسماء) - أُلغي الإثراء,616733,,https://image.tmdb.org/t/p/w500/OhlAwwhQ4B41gfCYRk1lQUKeHX.jpg,صورة من TMDB
phantom-2023,Phantom,2022,movie,مطابقة خاطئة (تشابه أسماء) - أُلغي الإثراء,717151,,https://image.tmdb.org/t/p/w500/6bcrhJQLoLNsYX4UGTOMQkCiACA.jpg,صورة من TMDB
pilot-2024,Pilot,2024,movie,مطابقة خاطئة (تشابه أسماء) - أُلغي الإثراء,1549518,,https://image.tmdb.org/t/p/w500/okc39z5AdE8AObWgoEjd52aU84n.jpg,صورة من TMDB
plague-2023,Plague,2023,movie,مطابقة خاطئة (تشابه أسماء) - أُلغي الإثراء,1086373,,https://image.tmdb.org/t/p/w500/hVTZLZnQjqe3xKiPoYltbFvuCCj.jpg,صورة من TMDB
planet-b-2024-مترجم-اون-لاين,Planet B,2024,movie,مطابقة خاطئة (تشابه أسماء) - أُلغي الإثراء,1345358,,https://pub-7bd753a4463049929e562aa677ad4251.r2.dev/movie/planet-b-2024-مترجم-اون-لاين.jpg,صورة من CSV
plante-b-2024,Plante B,2024,movie,مطابقة خاطئة (تشابه أسماء) - أُلغي الإثراء,1466892,,https://image.tmdb.org/t/p/w500/9ush1ZCFe6g8CRvHImtDdtKIx65.jpg,صورة من TMDB
فيلم-pokemon-movie-23-coco-مترجم,Pokemon Movie 23: Coco,,movie,مطابقة خاطئة (تشابه أسماء) - أُلغي الإثراء,662708,,https://pub-7bd753a4463049929e562aa677ad4251.r2.dev/anime/فيلم-pokemon-movie-23-coco-مترجم.jpg,صورة من CSV
project-y-2026,Project Y,2026,movie,مطابقة خاطئة (تشابه أسماء) - أُلغي الإثراء,1658240,,https://pub-7bd753a4463049929e562aa677ad4251.r2.dev/movie/project-y-2026.jpg,صورة من CSV
queen-of-hearts-2019,Queen of Hearts,2019,movie,مطابقة خاطئة (تشابه أسماء) - أُلغي الإثراء,649806,,https://image.tmdb.org/t/p/w500/sV9ggufElyZ1NgomrTgtrz10Lwd.jpg,صورة من TMDB
rabies-2023-مترجم-اون-لاين,Rabies,2023,movie,tmdbId متشارك - أُعيدت المطابقة للنتيجة الصحيحة,650036,1071312,https://image.tmdb.org/t/p/w500/A9PCaYoJ3zExiUKRFqTfP0sbITo.jpg,صورة من TMDB
rambo-2025,Rambo,1988,movie,مطابقة خاطئة (تشابه أسماء) - أُلغي الإثراء,1370,,https://image.tmdb.org/t/p/w500/uycbt9iVlAnKkQIisqUWuO8hVcm.jpg,صورة من TMDB
rape-1976,Rape!,1976,movie,مطابقة خاطئة (تشابه أسماء) - أُلغي الإثراء,567238,,https://image.tmdb.org/t/p/w500/n2MVHH1lA2SsGMbleSFo5tiwYrJ.jpg,صورة من TMDB
raqa-2024,Raqa,2024,movie,مطابقة خاطئة (تشابه أسماء) - أُلغي الإثراء,1239481,,https://image.tmdb.org/t/p/w500/3dDP4qtfs6Uvc3wyvZRuPtpGlci.jpg,صورة من TMDB
فيلم-re-zero-kara-hajimeru-isekai-seikatsu-hyouketsu-no-kizuna-مترجم,Re:Zero kara Hajimeru Isekai Seikatsu - Hyouketsu no Kizuna,,movie,tmdbId متشارك - أُعيدت المطابقة للنتيجة الصحيحة,532321,566451,https://image.tmdb.org/t/p/w500/brQCjRa6swAKehKbviT02vJvEIt.jpg,صورة من TMDB
reborn-2025,Reborn,2011,movie,مطابقة خاطئة (تشابه أسماء) - أُلغي الإثراء,58233,,https://image.tmdb.org/t/p/w500/zDbrU0eSnRGh5gHc1iqTACTNNyT.jpg,صورة من TMDB
renoir-2025,Renoir,2025,movie,مطابقة خاطئة (تشابه أسماء) - أُلغي الإثراء,1627130,,https://image.tmdb.org/t/p/w500/ffYPcigGUAbmzxXnFLnKfOmfSkX.jpg,صورة من TMDB
resurrection-2025,Resurrection,2016,movie,مطابقة خاطئة (تشابه أسماء) - أُلغي الإثراء,278924,,https://image.tmdb.org/t/p/w500/bG3Q6EFcngpPn7uPuQTzTuq9DgV.jpg,صورة من TMDB
retro-2025,Retro,2025,movie,مطابقة خاطئة (تشابه أسماء) - أُلغي الإثراء,1001288,,https://image.tmdb.org/t/p/w500/1D2Hn8HD9tpU9j901vNRmn4Oz3J.jpg,صورة من TMDB
ride-on-2023-مترجم-اون-لاين,Ride On,2023,movie,مطابقة خاطئة (تشابه أسماء) - أُلغي الإثراء,1660569,,https://pub-7bd753a4463049929e562aa677ad4251.r2.dev/movie/ride-on-2023-مترجم-اون-لاين.jpg,صورة من CSV
right-2025,Right,1989,movie,مطابقة خاطئة (تشابه أسماء) - أُلغي الإثراء,925,,https://image.tmdb.org/t/p/w500/nNLYrgMwK9YiVSS345nL7esg9Uh.jpg,صورة من TMDB
romeo-2024,Romeo,2024,movie,مطابقة خاطئة (تشابه أسماء) - أُلغي الإثراء,1168806,,https://image.tmdb.org/t/p/w500/gvGxnKFxPkJa0Y6reurTEhFiIby.jpg,صورة من TMDB
rose-s-war-2023,Rose’s War,1998,movie,مطابقة خاطئة (تشابه أسماء) - أُلغي الإثراء,249,,https://image.tmdb.org/t/p/w500/6d0bSSHFi4tBpX1abJ0SDxklopU.jpg,صورة من TMDB
royal-2025,Royal,2025,movie,مطابقة خاطئة (تشابه أسماء) - أُلغي الإثراء,1147016,,https://image.tmdb.org/t/p/w500/zpABxZgT5oSeafsAL0rvNbLzjIl.jpg,صورة من TMDB
run-2024-مترجم-اون-لاين,Run!,2024,movie,مطابقة خاطئة (تشابه أسماء) - أُلغي الإثراء,1369965,,https://pub-7bd753a4463049929e562aa677ad4251.r2.dev/movie/run-2024-مترجم-اون-لاين.jpg,صورة من CSV
sabari-2024,Sabari,2024,movie,مطابقة خاطئة (تشابه أسماء) - أُلغي الإثراء,1308529,,https://image.tmdb.org/t/p/w500/nld3KDkkbndpMqCMYketrydkGDT.jpg,صورة من TMDB
satan-the-dark-2026,Satan – The Dark,2008,movie,مطابقة خاطئة (تشابه أسماء) - أُلغي الإثراء,45663,,https://image.tmdb.org/t/p/w500/6Z9znq1IxwknrdPbXyr7NJJPhpP.jpg,صورة من TMDB
savi-2024,Savi,2024,movie,مطابقة خاطئة (تشابه أسماء) - أُلغي الإثراء,1333051,,https://image.tmdb.org/t/p/w500/myuVXGv7gL0CkaM8M4UaznL8bZT.jpg,صورة من TMDB
secret-2024,Secret,2022,movie,مطابقة خاطئة (تشابه أسماء) - أُلغي الإثراء,791155,,https://image.tmdb.org/t/p/w500/v6mvk0YC4o0PUdq82IbNRjIEEv3.jpg,صورة من TMDB
shambhala-2025,Shambhala,2026,movie,مطابقة خاطئة (تشابه أسماء) - أُلغي الإثراء,1531435,,https://image.tmdb.org/t/p/w500/5uXRYjbkYPio0rxNs2v988MJWF1.jpg,صورة من TMDB
shesha-2016-2026,Shesha,2016,movie,مطابقة خاطئة (تشابه أسماء) - أُلغي الإثراء,411869,,https://pub-7bd753a4463049929e562aa677ad4251.r2.dev/movie/shesha-2016-2026.jpg,صورة من CSV
shutter-2025,Shutter,2010,movie,مطابقة خاطئة (تشابه أسماء) - أُلغي الإثراء,11324,,https://image.tmdb.org/t/p/w500/eW6kCron3zmQFS31DX6U66wdJ3y.jpg,صورة من TMDB
simarik-2024,Simarik,2024,movie,مطابقة خاطئة (تشابه أسماء) - أُلغي الإثراء,1285660,,https://image.tmdb.org/t/p/w500/CF9or2174WFbBbXb5SvREau02H.jpg,صورة من TMDB
single-2025,Single,2025,movie,مطابقة خاطئة (تشابه أسماء) - أُلغي الإثراء,1442755,,https://image.tmdb.org/t/p/w500/keHP64qS9ACO4Is7p2xJCqEmqDp.jpg,صورة من TMDB
sleep-2023,Sleep,2023,movie,مطابقة خاطئة (تشابه أسماء) - أُلغي الإثراء,1243331,,https://image.tmdb.org/t/p/w500/1R0LrT5ndFXy31EgLBGef56JDGy.jpg,صورة من TMDB
slow-2023,Slow,2015,movie,مطابقة خاطئة (تشابه أسماء) - أُلغي الإثراء,223485,,https://image.tmdb.org/t/p/w500/j3PmbRZvf5KpNbapSjn8b0CpD6a.jpg,صورة من TMDB
somebody-2024,Somebody,2022,movie,مطابقة خاطئة (تشابه أسماء) - أُلغي الإثراء,696157,,https://image.tmdb.org/t/p/w500/oodPJ3Op1pWBhnEFyw5fampRCWf.jpg,صورة من TMDB
starfish-2023,Starfish,2023,movie,مطابقة خاطئة (تشابه أسماء) - أُلغي الإثراء,1253796,,https://image.tmdb.org/t/p/w500/yz1xv3kdbH3oW7wd5Ri6VzqHqSr.jpg,صورة من TMDB
stephen-2025,Stephen,2025,movie,مطابقة خاطئة (تشابه أسماء) - أُلغي الإثراء,1492221,,https://image.tmdb.org/t/p/w500/8MDSshPTofoek3IoAV9r0JWXqNs.jpg,صورة من TMDB
stolen-2024,Stolen,2024,movie,مطابقة خاطئة (تشابه أسماء) - أُلغي الإثراء,1566528,,https://image.tmdb.org/t/p/w500/9yVElerlkMMzp8gyJ7ljzEggAkd.jpg,صورة من TMDB
streaming-2025,Streaming,2022,movie,مطابقة خاطئة (تشابه أسماء) - أُلغي الإثراء,974691,,https://image.tmdb.org/t/p/w500/dfgZJlKYg5xm6dBl05bOKhfunXb.jpg,صورة من TMDB
stree-2018,Stree,2013,movie,مطابقة خاطئة (تشابه أسماء) - أُلغي الإثراء,1099012,,https://image.tmdb.org/t/p/w500/dthIkG1QqqVZhXWnVHgLCf2KvXH.jpg,صورة من TMDB
فيلم-summer-wars,Summer Wars,,movie,مطابقة خاطئة (تشابه أسماء) - أُلغي الإثراء,980804,,https://pub-7bd753a4463049929e562aa677ad4251.r2.dev/anime/فيلم-summer-wars.jpg,صورة من CSV
system-2026,System,2026,movie,مطابقة خاطئة (تشابه أسماء) - أُلغي الإثراء,1665571,,https://image.tmdb.org/t/p/w500/sIkNwE8h5DpE4JLS0kHeVPNhp0H.jpg,صورة من TMDB
talk-to-me-2022-مترجم-اون-لاين,Talk to Me,2022,movie,مطابقة خاطئة (تشابه أسماء) - أُلغي الإثراء,976680,,https://pub-7bd753a4463049929e562aa677ad4251.r2.dev/movie/talk-to-me-2022-مترجم-اون-لاين.jpg,صورة من CSV
test-2025,Test,2025,movie,مطابقة خاطئة (تشابه أسماء) - أُلغي الإثراء,1419710,,https://image.tmdb.org/t/p/w500/oxvxYnPRwIg4f5EZPqveuvZc1PB.jpg,صورة من TMDB
the-100-2025,The 100,2025,movie,مطابقة خاطئة (تشابه أسماء) - أُلغي الإثراء,1458385,,https://image.tmdb.org/t/p/w500/zlUPxStjf3sKFQhjCKbQPRa2YEe.jpg,صورة من TMDB
the-abandon-2022-مترجم-اون-لاين,The Abandon,2023,movie,مطابقة خاطئة (تشابه أسماء) - أُلغي الإثراء,1665307,,https://pub-7bd753a4463049929e562aa677ad4251.r2.dev/movie/the-abandon-2022-مترجم-اون-لاين.jpg,صورة من CSV
the-affair-2004,The Affair,2011,movie,مطابقة خاطئة (تشابه أسماء) - أُلغي الإثراء,414419,,https://image.tmdb.org/t/p/w500/86qOCfApeGhgrSsOXgPpRKYZofa.jpg,صورة من TMDB
the-after-2023-مترجم-اون-لاين,The After,2023,movie,مطابقة خاطئة (تشابه أسماء) - أُلغي الإثراء,1353386,,https://pub-7bd753a4463049929e562aa677ad4251.r2.dev/movie/the-after-2023-مترجم-اون-لاين.jpg,صورة من CSV
the-beast-2023,The Beast,1991,movie,مطابقة خاطئة (تشابه أسماء) - أُلغي الإثراء,10020,,https://image.tmdb.org/t/p/w500/5UxLAGzKY02j7Efbtjp51RQRUte.jpg,صورة من TMDB
the-boys-2022,The Boys,1987,movie,مطابقة خاطئة (تشابه أسماء) - أُلغي الإثراء,1547,,https://image.tmdb.org/t/p/w500/1hA3SXwVeGasrrqnCbC7UKBw7d1.jpg,صورة من TMDB
the-challenge-2023-مترجم-اون-لاين,The Challenge,2023,movie,مطابقة خاطئة (تشابه أسماء) - أُلغي الإثراء,1214667,,https://pub-7bd753a4463049929e562aa677ad4251.r2.dev/movie/the-challenge-2023-مترجم-اون-لاين.jpg,صورة من CSV
the-champion-2024,The Champion,2020,movie,مطابقة خاطئة (تشابه أسماء) - أُلغي الإثراء,582303,,https://image.tmdb.org/t/p/w500/yASEm8EXpJRx5WxxCOoMBkPEuXB.jpg,صورة من TMDB
the-conference-2023-مترجم-اون-لاين,The Conference,2023,movie,مطابقة خاطئة (تشابه أسماء) - أُلغي الإثراء,1565522,,https://pub-7bd753a4463049929e562aa677ad4251.r2.dev/movie/the-conference-2023-مترجم-اون-لاين.jpg,صورة من CSV
the-diary-2024-مترجم-اون-لاين,The Diary,2024,movie,مطابقة خاطئة (تشابه أسماء) - أُلغي الإثراء,1336357,,https://pub-7bd753a4463049929e562aa677ad4251.r2.dev/movie/the-diary-2024-مترجم-اون-لاين.jpg,صورة من CSV
the-diplomat-2025,The Diplomat,2025,movie,مطابقة خاطئة (تشابه أسماء) - أُلغي الإثراء,1492339,,https://image.tmdb.org/t/p/w500/9Sfr5dy3rNi9cLbBgGBjw71b5JI.jpg,صورة من TMDB
the-favor-2025,The Favor,2025,movie,مطابقة خاطئة (تشابه أسماء) - أُلغي الإثراء,1472946,,https://image.tmdb.org/t/p/w500/tgY3gIoNU4UKXSJU7NFfUzAWzb4.jpg,صورة من TMDB
the-fires-2025-مترجم-اون-لاين,The Fires,2025,movie,مطابقة خاطئة (تشابه أسماء) - أُلغي الإثراء,1450038,,https://pub-7bd753a4463049929e562aa677ad4251.r2.dev/movie/the-fires-2025-مترجم-اون-لاين.jpg,صورة من CSV
the-imaginary-2024,The Imaginary,2024,movie,مطابقة خاطئة (تشابه أسماء) - أُلغي الإثراء,1286505,,https://image.tmdb.org/t/p/w500/3MquZIK4NaagTVcxfB6HT9tbhNo.jpg,صورة من TMDB
the-last-giant-2026,The Last Giant,1994,movie,مطابقة خاطئة (تشابه أسماء) - أُلغي الإثراء,395022,,https://image.tmdb.org/t/p/w500/5znxHBJ3DYxOxRrbQKCkfDxKbxg.jpg,صورة من TMDB
the-lost-boys-2023,The Lost Boys,2023,movie,مطابقة خاطئة (تشابه أسماء) - أُلغي الإثراء,1128130,,https://image.tmdb.org/t/p/w500/2AW7XgyiqLihwd1l0CW4q2AqHed.jpg,صورة من TMDB
the-match-2025,The Match,2026,movie,مطابقة خاطئة (تشابه أسماء) - أُلغي الإثراء,1537904,,https://image.tmdb.org/t/p/w500/lxiWSL1jzC3zsBtNsnCJNiAzZTD.jpg,صورة من TMDB
the-one-2022,The One,2010,movie,مطابقة خاطئة (تشابه أسماء) - أُلغي الإثراء,12444,,https://image.tmdb.org/t/p/w500/jswRLBRYSEP1B8EgCLEy5OkyxE3.jpg,صورة من TMDB
the-parades-2024,The Parades,2024,movie,مطابقة خاطئة (تشابه أسماء) - أُلغي الإثراء,1407221,,https://pub-7bd753a4463049929e562aa677ad4251.r2.dev/movie/the-parades-2024.jpg,صورة من CSV
the-platform-2019,The Platform,2019,movie,مطابقة خاطئة (تشابه أسماء) - أُلغي الإثراء,660295,,https://image.tmdb.org/t/p/w500/vtQ8BS9htQ5TEVk3WDvnJFPOQdo.jpg,صورة من TMDB
the-plot-2024,The Plot,2022,movie,مطابقة خاطئة (تشابه أسماء) - أُلغي الإثراء,920878,,https://image.tmdb.org/t/p/w500/2EUHAa5edUrGkx8qO9v0f35ANje.jpg,صورة من TMDB
the-red-2024,The Red,2023,movie,مطابقة خاطئة (تشابه أسماء) - أُلغي الإثراء,614479,,https://image.tmdb.org/t/p/w500/d07phJqCx6z5wILDYqkyraorDPi.jpg,صورة من TMDB
the-refuge-2023,The Refuge,2022,movie,مطابقة خاطئة (تشابه أسماء) - أُلغي الإثراء,1052096,,https://image.tmdb.org/t/p/w500/hGhXx7U4nh3ZvhfIZWlUxuV2UpK.jpg,صورة من TMDB
النائم-the-sleeper-2025,The Sleeper,2025,movie,مطابقة خاطئة (تشابه أسماء) - أُلغي الإثراء,1441594,,https://image.tmdb.org/t/p/w500/4Z9pv2IydojcY67mXYSsLuzhd7R.jpg,صورة من TMDB
the-take-2016-مترجم-اون-لاين,The Take,2016,movie,مطابقة خاطئة (تشابه أسماء) - أُلغي الإثراء,980530,,https://pub-7bd753a4463049929e562aa677ad4251.r2.dev/movie/the-take-2016-مترجم-اون-لاين.jpg,صورة من CSV
the-talent-2025,The Talent,2026,movie,مطابقة خاطئة (تشابه أسماء) - أُلغي الإثراء,1697358,,,بلا صورة (placeholder)
the-tiger-2025,The Tiger,2025,movie,مطابقة خاطئة (تشابه أسماء) - أُلغي الإثراء,1245562,,https://image.tmdb.org/t/p/w500/6wbvSeKXzvsDP73clF22oXE3kAI.jpg,صورة من TMDB
the-trail-2024-مترجم-اون-لاين,The Trail,2024,movie,مطابقة خاطئة (تشابه أسماء) - أُلغي الإثراء,1311818,,https://pub-7bd753a4463049929e562aa677ad4251.r2.dev/movie/the-trail-2024-مترجم-اون-لاين.jpg,صورة من CSV
the-ugly-2025,The Ugly,2009,movie,مطابقة خاطئة (تشابه أسماء) - أُلغي الإثراء,20943,,https://image.tmdb.org/t/p/w500/2rq96Ihbqb1eU3TEBVtgFlqbeX7.jpg,صورة من TMDB
the-wailing-2024,The Wailing,2023,movie,مطابقة خاطئة (تشابه أسماء) - أُلغي الإثراء,1064312,,https://image.tmdb.org/t/p/w500/tLkviJkau1cRMCoAa06R1gkH2Hn.jpg,صورة من TMDB
thugs-2023,Thugs,2023,movie,مطابقة خاطئة (تشابه أسماء) - أُلغي الإثراء,1063173,,https://image.tmdb.org/t/p/w500/rhBp8ctwvnFOHrJ53pG1QZ70CNS.jpg,صورة من TMDB
to-the-north-2022-مترجم-اون-لاين,To the North,2022,movie,مطابقة خاطئة (تشابه أسماء) - أُلغي الإثراء,1006269,,https://pub-7bd753a4463049929e562aa677ad4251.r2.dev/movie/to-the-north-2022-مترجم-اون-لاين.jpg,صورة من CSV
فيلم-tokyo-godfathers-مترجم,Tokyo Godfathers,,movie,مطابقة خاطئة (تشابه أسماء) - أُلغي الإثراء,1534952,,https://pub-7bd753a4463049929e562aa677ad4251.r2.dev/anime/فيلم-tokyo-godfathers-مترجم.jpg,صورة من CSV
touch-2024,Touch,2025,movie,مطابقة خاطئة (تشابه أسماء) - أُلغي الإثراء,1265717,,https://image.tmdb.org/t/p/w500/zUKpIGBCiUTyFTEPJxc7nJtLU3P.jpg,صورة من TMDB
undead-2025,Undead,2014,movie,مطابقة خاطئة (تشابه أسماء) - أُلغي الإثراء,1529158,,https://image.tmdb.org/t/p/w500/8O6SuQj4THOCI5B5SfaQYbepkuE.jpg,صورة من TMDB
uprising-2024,Uprising,2010,movie,مطابقة خاطئة (تشابه أسماء) - أُلغي الإثراء,131880,,https://image.tmdb.org/t/p/w500/ujw7QkOrnI8NLgR7YA1EJ14P4Q6.jpg,صورة من TMDB
vaazhai-2024,Vaazhai,2024,movie,مطابقة خاطئة (تشابه أسماء) - أُلغي الإثراء,1340044,,https://image.tmdb.org/t/p/w500/i0eimZQw50F4PCVZS5YCpLvXdD3.jpg,صورة من TMDB
vengeance-2026,Vengeance,1982,movie,مطابقة خاطئة (تشابه أسماء) - أُلغي الإثراء,32065,,https://image.tmdb.org/t/p/w500/3AaPWvywczDIeGFCjUvohBIMzJL.jpg,صورة من TMDB
virus-2025,Virus,2025,movie,مطابقة خاطئة (تشابه أسماء) - أُلغي الإثراء,1374565,,https://image.tmdb.org/t/p/w500/jWjd7qx8GziJkSgQ87tChw3PS2l.jpg,صورة من TMDB
war-2-2025,War 2,2025,movie,مطابقة خاطئة (تشابه أسماء) - أُلغي الإثراء,1648115,,https://image.tmdb.org/t/p/w500/s0aI15NCkEZ9vCxfVsK8EJLqRkz.jpg,صورة من TMDB
well-done-2023-مترجم-اون-لاين,Well Done,2023,movie,مطابقة خاطئة (تشابه أسماء) - أُلغي الإثراء,1071662,,https://pub-7bd753a4463049929e562aa677ad4251.r2.dev/movie/well-done-2023-مترجم-اون-لاين.jpg,صورة من CSV
witch-2024-مترجم-اون-لاين,Witch,2024,movie,مطابقة خاطئة (تشابه أسماء) - أُلغي الإثراء,1365083,,https://pub-7bd753a4463049929e562aa677ad4251.r2.dev/movie/witch-2024-مترجم-اون-لاين.jpg,صورة من CSV
with-love-2026,With Love,2026,movie,مطابقة خاطئة (تشابه أسماء) - أُلغي الإثراء,1645241,,https://image.tmdb.org/t/p/w500/hr7AI4AnkucXPaYdoMXN2CSjMax.jpg,صورة من TMDB
wonderland-2024,Wonderland,2024,movie,مطابقة خاطئة (تشابه أسماء) - أُلغي الإثراء,1297268,,https://image.tmdb.org/t/p/w500/reZBLcjVa9ZALXtiBJsqThu6gef.jpg,صورة من TMDB
x-men-2-2003,X-Men 2,2003,movie,مطابقة خاطئة (تشابه أسماء) - أُلغي الإثراء,1320721,,https://image.tmdb.org/t/p/w500/5UJUVIBZ1R0se2BKy2ogmoG9Dnz.jpg,صورة من TMDB
xtreme-2021-مترجم-اون-لاين,Xtreme,2021,movie,مطابقة خاطئة (تشابه أسماء) - أُلغي الإثراء,882680,,https://pub-7bd753a4463049929e562aa677ad4251.r2.dev/movie/xtreme-2021-مترجم-اون-لاين.jpg,صورة من CSV
yatra-2018,Yatra,2018,movie,مطابقة خاطئة (تشابه أسماء) - أُلغي الإثراء,506076,,https://image.tmdb.org/t/p/w500/qhiPRLo2HgqFl6gZTrpKbpPoswx.jpg,صورة من TMDB
zebra-2024,Zebra,2024,movie,مطابقة خاطئة (تشابه أسماء) - أُلغي الإثراء,1407977,,https://image.tmdb.org/t/p/w500/hGJvSboK3VXTRawU17FJScFsAbr.jpg,صورة من TMDB
حب-بلا-حدود-ok-ask,Çok Ask,2014,movie,مطابقة خاطئة (تشابه أسماء) - أُلغي الإثراء,11985,,https://image.tmdb.org/t/p/w500/rFBfW5RJbjgOYufLvu2DP4A71JW.jpg,صورة من TMDB
أتاتورك-1881-1919,1881,2024,series,مطابقة خاطئة (تشابه أسماء) - أُلغي الإثراء,276344,,https://image.tmdb.org/t/p/w500/1ycSNEDArSiapTHdiamVrYzQFt4.jpg,صورة من TMDB
عن-الحب-about-love,About Love,,series,مطابقة خاطئة (تشابه أسماء) - أُلغي الإثراء,202432,,https://pub-7bd753a4463049929e562aa677ad4251.r2.dev/series/عن-الحب-about-love.jpg,صورة من CSV
angel,Angel,2003,series,مطابقة خاطئة (تشابه أسماء) - أُلغي الإثراء,25676,,https://pub-7bd753a4463049929e562aa677ad4251.r2.dev/series/angel.jpg,صورة من CSV
antihero,Antihero,2022,series,مطابقة خاطئة (تشابه أسماء) - أُلغي الإثراء,199957,,https://image.tmdb.org/t/p/w500/4mZCFhbsb7bgzbKo5XqARpJPnbM.jpg,صورة من TMDB
archie,Archie,1958,series,مطابقة خاطئة (تشابه أسماء) - أُلغي الإثراء,23560,,https://pub-7bd753a4463049929e562aa677ad4251.r2.dev/series/archie.jpg,صورة من CSV
arrow,Arrow,2019,series,مطابقة خاطئة (تشابه أسماء) - أُلغي الإثراء,85470,,https://pub-7bd753a4463049929e562aa677ad4251.r2.dev/series/arrow.jpg,صورة من CSV
atomic,Atomic,1999,series,مطابقة خاطئة (تشابه أسماء) - أُلغي الإثراء,74170,,https://image.tmdb.org/t/p/w500/u7lAf5faocOuXt487xckx7LZNjE.jpg,صورة من TMDB
beth,Beth,2022,series,مطابقة خاطئة (تشابه أسماء) - أُلغي الإثراء,156812,,https://image.tmdb.org/t/p/w500/6PuIZmC5NBvUskjV4i24gdXr8AM.jpg,صورة من TMDB
big,Big,2000,series,مطابقة خاطئة (تشابه أسماء) - أُلغي الإثراء,10160,,https://image.tmdb.org/t/p/w500/q2TMOpJITXP2sHd6CrBmO7FvYk1.jpg,صورة من TMDB
blind,Blind,2005,series,مطابقة خاطئة (تشابه أسماء) - أُلغي الإثراء,9875,,https://image.tmdb.org/t/p/w500/yj45VXgudrEzRisO6XyoK3APTzl.jpg,صورة من TMDB
اخوة-الدم-blood-brothers,Blood Brothers,,series,مطابقة خاطئة (تشابه أسماء) - أُلغي الإثراء,31741,,https://pub-7bd753a4463049929e562aa677ad4251.r2.dev/series/اخوة-الدم-blood-brothers.jpg,صورة من CSV
bros,Bros,2004,series,مطابقة خاطئة (تشابه أسماء) - أُلغي الإثراء,2418,,https://image.tmdb.org/t/p/w500/ckQE1aLYQkRpp2HmHljiELAiOr1.jpg,صورة من TMDB
caster,Caster,2020,series,مطابقة خاطئة (تشابه أسماء) - أُلغي الإثراء,127351,,https://image.tmdb.org/t/p/w500/sSMims0oke9YlJvvlgU4IrkN5NL.jpg,صورة من TMDB
castle,Castle,2015,series,مطابقة خاطئة (تشابه أسماء) - أُلغي الإثراء,62017,,https://pub-7bd753a4463049929e562aa677ad4251.r2.dev/series/castle.jpg,صورة من CSV
caught-2025,Caught,2024,series,مطابقة خاطئة (تشابه أسماء) - أُلغي الإثراء,273233,,https://image.tmdb.org/t/p/w500/sVFMA1xNuNqVli0qYeeMNZVtisd.jpg,صورة من TMDB
chief-detective-1958,Chief Detective,1979,series,مطابقة خاطئة (تشابه أسماء) - أُلغي الإثراء,14469,,https://image.tmdb.org/t/p/w500/2IakZNMwN4U7ZUbsFgwgYkcwz0u.jpg,صورة من TMDB
circle,Circle,2023,series,مطابقة خاطئة (تشابه أسماء) - أُلغي الإثراء,132016,,https://image.tmdb.org/t/p/w500/87vByMA4R6QPRKY0zZspgTFAevH.jpg,صورة من TMDB
coeurs-noirs,Coeurs Noirs,2023,series,مطابقة خاطئة (تشابه أسماء) - أُلغي الإثراء,217583,,https://image.tmdb.org/t/p/w500/hXU7KUsE5OUbSRBzZKaQYZ7icFW.jpg,صورة من TMDB
cold-water,Cold Water,,series,مطابقة خاطئة (تشابه أسماء) - أُلغي الإثراء,71341,,https://image.tmdb.org/t/p/w500/zhDte91uslbToQEPmfyDGRF5FMj.jpg,صورة من TMDB
conflict,Conflict,1997,series,مطابقة خاطئة (تشابه أسماء) - أُلغي الإثراء,2840,,https://image.tmdb.org/t/p/w500/xOcw7r57ppfPHdaTIauMnE64Npz.jpg,صورة من TMDB
cross,Cross,2026,series,مطابقة خاطئة (تشابه أسماء) - أُلغي الإثراء,317199,,https://pub-7bd753a4463049929e562aa677ad4251.r2.dev/series/cross.jpg,صورة من CSV
dare-to-love-me,Dare to Love Me,2024,series,مطابقة خاطئة (تشابه أسماء) - أُلغي الإثراء,243691,,https://image.tmdb.org/t/p/w500/9ZGuNavgUvjC6duXuKkeB2e0HeU.jpg,صورة من TMDB
daredevil,Daredevil,2025,series,مطابقة خاطئة (تشابه أسماء) - أُلغي الإثراء,202555,,https://image.tmdb.org/t/p/w500/gBYwH0psbqxzan8kqplkfrCgdwC.jpg,صورة من TMDB
الظلام-والفجر-dark-and-dawn,Dark and Dawn,,series,مطابقة خاطئة (تشابه أسماء) - أُلغي الإثراء,248818,,https://pub-7bd753a4463049929e562aa677ad4251.r2.dev/series/الظلام-والفجر-dark-and-dawn.jpg,صورة من CSV
dear-x,Dear X,2025,series,مطابقة خاطئة (تشابه أسماء) - أُلغي الإثراء,261600,,https://image.tmdb.org/t/p/w500/gCLtvzsO5wGP2X4u2iYl7Pl6n73.jpg,صورة من TMDB
dudes,Dudes,2016,series,مطابقة خاطئة (تشابه أسماء) - أُلغي الإثراء,81093,,https://image.tmdb.org/t/p/w500/tcfIq62Q0fsQGkRmqIQ1mZTZCRT.jpg,صورة من TMDB
صدي-الحب-echoes-of-love,Echoes of Love,,series,مطابقة خاطئة (تشابه أسماء) - أُلغي الإثراء,292277,,https://pub-7bd753a4463049929e562aa677ad4251.r2.dev/series/صدي-الحب-echoes-of-love.jpg,صورة من CSV
exhibit-a,Exhibit A,1997,series,مطابقة خاطئة (تشابه أسماء) - أُلغي الإثراء,29393,,https://image.tmdb.org/t/p/w500/q4FCUwLdj3sYJ51QX5IM3nijM4J.jpg,صورة من TMDB
exposure,Exposure,1990,series,مطابقة خاطئة (تشابه أسماء) - أُلغي الإثراء,4396,,https://image.tmdb.org/t/p/w500/BUSw61C2kNoMuKFQTamIgqMC5.jpg,صورة من TMDB
extracurricular,Extracurricular,1998,series,مطابقة خاطئة (تشابه أسماء) - أُلغي الإثراء,202979,,https://image.tmdb.org/t/p/w500/3Csu6Hk7FlFaepdUBT3FhCCLf6n.jpg,صورة من TMDB
extraordinary-you,Extraordinary You,2015,series,مطابقة خاطئة (تشابه أسماء) - أُلغي الإثراء,197067,,https://image.tmdb.org/t/p/w500/pT6zWEElSZ3nyrsaYbakK0Jlymk.jpg,صورة من TMDB
fallen,Fallen,1993,series,مطابقة خاطئة (تشابه أسماء) - أُلغي الإثراء,4981,,https://image.tmdb.org/t/p/w500/fnbdv4uSFUGJ2jp9Gf99fYtlIu3.jpg,صورة من TMDB
falling-for-innocence,Falling for Innocence,2015,series,مطابقة خاطئة (تشابه أسماء) - أُلغي الإثراء,62267,,https://image.tmdb.org/t/p/w500/lKaQpKlaynFf7QQMAR3Ut6Id6t.jpg,صورة من TMDB
fallout,Fallout,2025,series,مطابقة خاطئة (تشابه أسماء) - أُلغي الإثراء,298844,,https://pub-7bd753a4463049929e562aa677ad4251.r2.dev/series/fallout.jpg,صورة من CSV
fate,Fate,2025,series,مطابقة خاطئة (تشابه أسماء) - أُلغي الإثراء,302557,,https://pub-7bd753a4463049929e562aa677ad4251.r2.dev/series/fate.jpg,صورة من CSV
طر-مجددا-fly-again,"Fly, Again",,series,مطابقة خاطئة (تشابه أسماء) - أُلغي الإثراء,115392,,https://pub-7bd753a4463049929e562aa677ad4251.r2.dev/series/طر-مجددا-fly-again.jpg,صورة من CSV
franklin,Franklin,2011,series,مطابقة خاطئة (تشابه أسماء) - أُلغي الإثراء,33301,,https://image.tmdb.org/t/p/w500/so3xbOsAcG5lkxgfRjHbTFkXxM0.jpg,صورة من TMDB
from-tomorrow,From Tomorrow,1992,series,مطابقة خاطئة (تشابه أسماء) - أُلغي الإثراء,681,,https://image.tmdb.org/t/p/w500/l8ePfR2xJv8ukNSzDF3BMwGQ4Ww.jpg,صورة من TMDB
من-جيل-الي-جيل-generation-to-generation,Generation to Generation,,series,مطابقة خاطئة (تشابه أسماء) - أُلغي الإثراء,90830,,https://pub-7bd753a4463049929e562aa677ad4251.r2.dev/series/من-جيل-الي-جيل-generation-to-generation.jpg,صورة من CSV
get-rich,Get Rich,2025,series,مطابقة خاطئة (تشابه أسماء) - أُلغي الإثراء,303410,,https://image.tmdb.org/t/p/w500/6pESMJE9AgbmMJt7a0iYcFCFBQj.jpg,صورة من TMDB
glory,Glory,2002,series,مطابقة خاطئة (تشابه أسماء) - أُلغي الإثراء,5241,,https://image.tmdb.org/t/p/w500/wGm9KkjkjBUQE7e3NDURvBaEjlD.jpg,صورة من TMDB
عودة-المجد-glory-back,Glory Back,,series,مطابقة خاطئة (تشابه أسماء) - أُلغي الإثراء,113769,,https://pub-7bd753a4463049929e562aa677ad4251.r2.dev/series/عودة-المجد-glory-back.jpg,صورة من CSV
gomorrah,Gomorrah,2026,series,مطابقة خاطئة (تشابه أسماء) - أُلغي الإثراء,314677,,https://pub-7bd753a4463049929e562aa677ad4251.r2.dev/series/gomorrah.jpg,صورة من CSV
شبه-مستيقظ-half-awake,Half-Awake,,series,مطابقة خاطئة (تشابه أسماء) - أُلغي الإثراء,283013,,https://pub-7bd753a4463049929e562aa677ad4251.r2.dev/series/شبه-مستيقظ-half-awake.jpg,صورة من CSV
hanna,Hanna,2021,series,مطابقة خاطئة (تشابه أسماء) - أُلغي الإثراء,252497,,https://pub-7bd753a4463049929e562aa677ad4251.r2.dev/series/hanna.jpg,صورة من CSV
hide,Hide,2020,series,مطابقة خاطئة (تشابه أسماء) - أُلغي الإثراء,219943,,https://image.tmdb.org/t/p/w500/cq92GjvZInvEWZxrPZAk8KT1q8V.jpg,صورة من TMDB
homestead,Homestead,2016,series,مطابقة خاطئة (تشابه أسماء) - أُلغي الإثراء,68975,,https://image.tmdb.org/t/p/w500/8PnKfxI2KKuAT9Se3OI0DphusQe.jpg,صورة من TMDB
house,House,2011,series,مطابقة خاطئة (تشابه أسماء) - أُلغي الإثراء,35016,,https://pub-7bd753a4463049929e562aa677ad4251.r2.dev/series/house.jpg,صورة من CSV
hyena,Hyena,2015,series,مطابقة خاطئة (تشابه أسماء) - أُلغي الإثراء,323070,,https://image.tmdb.org/t/p/w500/mLaALfja6foV6kD82teg69PSQ3a.jpg,صورة من TMDB
igry,Igry,2018,series,مطابقة خاطئة (تشابه أسماء) - أُلغي الإثراء,79066,,https://image.tmdb.org/t/p/w500/qYMVmsYG5niAZsSGks6dg9FhxkM.jpg,صورة من TMDB
لا-نهاية-له-interminable,Interminable,,series,مطابقة خاطئة (تشابه أسماء) - أُلغي الإثراء,201436,,https://pub-7bd753a4463049929e562aa677ad4251.r2.dev/series/لا-نهاية-له-interminable.jpg,صورة من CSV
joan,Joan,2003,series,مطابقة خاطئة (تشابه أسماء) - أُلغي الإثراء,1593,,https://image.tmdb.org/t/p/w500/AdSIHbGVuHGrdZs5BXajiCwep75.jpg,صورة من TMDB
jungle,Jungle,2009,series,مطابقة خاطئة (تشابه أسماء) - أُلغي الإثراء,30905,,https://image.tmdb.org/t/p/w500/nbvsTq54Rno0HMjeWVQwS8C5C1.jpg,صورة من TMDB
jury-duty,Jury Duty,2026,series,مطابقة خاطئة (تشابه أسماء) - أُلغي الإثراء,312697,,https://pub-7bd753a4463049929e562aa677ad4251.r2.dev/series/jury-duty.jpg,صورة من CSV
kabul,Kabul,2020,series,مطابقة خاطئة (تشابه أسماء) - أُلغي الإثراء,120267,,https://pub-7bd753a4463049929e562aa677ad4251.r2.dev/series/kabul.jpg,صورة من CSV
اراضي-الملك-king-the-land,King the Land,,series,مطابقة خاطئة (تشابه أسماء) - أُلغي الإثراء,92654,,https://pub-7bd753a4463049929e562aa677ad4251.r2.dev/series/اراضي-الملك-king-the-land.jpg,صورة من CSV
loved-one,LOVED ONE,2022,series,مطابقة خاطئة (تشابه أسماء) - أُلغي الإثراء,214243,,https://image.tmdb.org/t/p/w500/c4W6ylimNfvv9MeTiNFzqsYC4nv.jpg,صورة من TMDB
ltns,LTNS,2024,series,مطابقة خاطئة (تشابه أسماء) - أُلغي الإثراء,222767,,https://image.tmdb.org/t/p/w500/f71Tlsx9bl3UZvWqFynSpa7nGcl.jpg,صورة من TMDB
last-summer,Last Summer,1973,series,مطابقة خاطئة (تشابه أسماء) - أُلغي الإثراء,129680,,https://image.tmdb.org/t/p/w500/vjI4WdHda9ckCo5YIYVhc8rl6SR.jpg,صورة من TMDB
lawless-lawyer,Lawless Lawyer,2024,series,مطابقة خاطئة (تشابه أسماء) - أُلغي الإثراء,253506,,https://image.tmdb.org/t/p/w500/60NSN1dQkK75HDE2ZewZYAVujZR.jpg,صورة من TMDB
نور-الفجر-light-of-dawn,Light of Dawn,,series,مطابقة خاطئة (تشابه أسماء) - أُلغي الإثراء,128207,,https://pub-7bd753a4463049929e562aa677ad4251.r2.dev/series/نور-الفجر-light-of-dawn.jpg,صورة من CSV
الحب-قبل-غروب-الشمس-love-before-sunset,Love Before Sunset,,series,مطابقة خاطئة (تشابه أسماء) - أُلغي الإثراء,229417,,https://pub-7bd753a4463049929e562aa677ad4251.r2.dev/series/الحب-قبل-غروب-الشمس-love-before-sunset.jpg,صورة من CSV
love-tractor,Love Tractor,2013,series,مطابقة خاطئة (تشابه أسماء) - أُلغي الإثراء,233718,,https://image.tmdb.org/t/p/w500/fKmVo88MBhS2dEbHiJbLzhcbije.jpg,صورة من TMDB
الحب-في-السر-love-in-a-secret,Love in a Secret,,series,مطابقة خاطئة (تشابه أسماء) - أُلغي الإثراء,296636,,https://pub-7bd753a4463049929e562aa677ad4251.r2.dev/series/الحب-في-السر-love-in-a-secret.jpg,صورة من CSV
low-life,Low Life,2008,series,مطابقة خاطئة (تشابه أسماء) - أُلغي الإثراء,57782,,https://pub-7bd753a4463049929e562aa677ad4251.r2.dev/series/low-life.jpg,صورة من CSV
هيا-امي-mama-go,Mama Go,,series,مطابقة خاطئة (تشابه أسماء) - أُلغي الإثراء,52747,,https://pub-7bd753a4463049929e562aa677ad4251.r2.dev/series/هيا-امي-mama-go.jpg,صورة من CSV
marry-you,Marry You,2021,series,مطابقة خاطئة (تشابه أسماء) - أُلغي الإثراء,124549,,https://image.tmdb.org/t/p/w500/7qZUC0AQmSi7pxNP6cH3swkb8Is.jpg,صورة من TMDB
mask,Mask,2019,series,مطابقة خاطئة (تشابه أسماء) - أُلغي الإثراء,95395,,https://image.tmdb.org/t/p/w500/47VTi9FAQu3TKYEWr3mBGAXx5ip.jpg,صورة من TMDB
me,Me,2004,series,مطابقة خاطئة (تشابه أسماء) - أُلغي الإثراء,4344,,https://image.tmdb.org/t/p/w500/gnOwOb82chSJkQEZ9pd6jf2ZrEX.jpg,صورة من TMDB
midsummer-night,Midsummer Night,,series,مطابقة خاطئة (تشابه أسماء) - أُلغي الإثراء,56235,,https://image.tmdb.org/t/p/w500/qqLij4v61PjyGNzC81IyFJ3oDr.jpg,صورة من TMDB
mike,Mike,1961,series,مطابقة خاطئة (تشابه أسماء) - أُلغي الإثراء,10536,,https://image.tmdb.org/t/p/w500/qNk97cbF3dZyhkfIcJhjFDD64sM.jpg,صورة من TMDB
misfortune,Misfortune,,series,مطابقة خاطئة (تشابه أسماء) - أُلغي الإثراء,22103,,https://pub-7bd753a4463049929e562aa677ad4251.r2.dev/series/misfortune.jpg,صورة من CSV
الانتقال-moving,Moving,,series,مطابقة خاطئة (تشابه أسماء) - أُلغي الإثراء,18632,,https://pub-7bd753a4463049929e562aa677ad4251.r2.dev/series/الانتقال-moving.jpg,صورة من CSV
my-country,My Country,2023,series,مطابقة خاطئة (تشابه أسماء) - أُلغي الإثراء,228740,,https://image.tmdb.org/t/p/w500/9str0aPx1aU35i8oCVG84m0bFB8.jpg,صورة من TMDB
my-dearest,My Dearest,2012,series,مطابقة خاطئة (تشابه أسماء) - أُلغي الإثراء,262957,,https://image.tmdb.org/t/p/w500/8fF7UukUGOouJgpGGDL77WN8uTz.jpg,صورة من TMDB
my-name,My Name,2005,series,مطابقة خاطئة (تشابه أسماء) - أُلغي الإثراء,2317,,,بلا صورة (placeholder)
nada,Nada,2013,series,مطابقة خاطئة (تشابه أسماء) - أُلغي الإثراء,72291,,https://image.tmdb.org/t/p/w500/cmqCUGBhgSbInMpqB8JqTf0SgHS.jpg,صورة من TMDB
naked,Naked,1958,series,مطابقة خاطئة (تشابه أسماء) - أُلغي الإثراء,3782,,https://image.tmdb.org/t/p/w500/56pxzIXS9dEwtUHsQc4ggDMkSX2.jpg,صورة من TMDB
namib,Namib,2015,series,مطابقة خاطئة (تشابه أسماء) - أُلغي الإثراء,225142,,https://image.tmdb.org/t/p/w500/pXS7HbxpXnHf4t1bDhOvXWGZpKq.jpg,صورة من TMDB
nero,Nero,1981,series,مطابقة خاطئة (تشابه أسماء) - أُلغي الإثراء,15670,,https://image.tmdb.org/t/p/w500/9L3ewuLcU8sdl7eM7ZJKoGRzUxf.jpg,صورة من TMDB
north-of-north,North of North,1992,series,مطابقة خاطئة (تشابه أسماء) - أُلغي الإثراء,55,,https://image.tmdb.org/t/p/w500/twsoO8NCTitfW4My9wKz2p5yJou.jpg,صورة من TMDB
الخطيئة-الاصلية-original-sin,Original Sin,,series,مطابقة خاطئة (تشابه أسماء) - أُلغي الإثراء,219937,,https://pub-7bd753a4463049929e562aa677ad4251.r2.dev/series/الخطيئة-الاصلية-original-sin.jpg,صورة من CSV
orphan-black,Orphan Black,2017,series,مطابقة خاطئة (تشابه أسماء) - أُلغي الإثراء,92598,,https://pub-7bd753a4463049929e562aa677ad4251.r2.dev/series/orphan-black.jpg,صورة من CSV
outrageous,Outrageous,2005,series,مطابقة خاطئة (تشابه أسماء) - أُلغي الإثراء,1799,,https://image.tmdb.org/t/p/w500/sDhdfXiBZnIO9xhpjMaHG8kJ7yY.jpg,صورة من TMDB
poirot,Poirot,1989,series,مطابقة خاطئة (تشابه أسماء) - أُلغي الإثراء,790,,https://image.tmdb.org/t/p/w500/6f4IVfbn8knb7RjdZlGLuW5guDc.jpg,صورة من TMDB
polo,Polo,2014,series,مطابقة خاطئة (تشابه أسماء) - أُلغي الإثراء,60699,,https://image.tmdb.org/t/p/w500/syYTHCBvFlobr8eJjQMKAjrn9yV.jpg,صورة من TMDB
private-life,Private Life,1995,series,مطابقة خاطئة (تشابه أسماء) - أُلغي الإثراء,9549,,https://image.tmdb.org/t/p/w500/6MYNNI1ICYGgtneTWBnXHzXgOYu.jpg,صورة من TMDB
public-disorder,Public Disorder,,series,مطابقة خاطئة (تشابه أسماء) - أُلغي الإثراء,58913,,https://pub-7bd753a4463049929e562aa677ad4251.r2.dev/series/public-disorder.jpg,صورة من CSV
rangeen,Rangeen,2024,series,مطابقة خاطئة (تشابه أسماء) - أُلغي الإثراء,274066,,https://image.tmdb.org/t/p/w500/xTuK1bIAMuQpjeTt3UW3PjPj7lQ.jpg,صورة من TMDB
real-men-2025,Real Men,2025,series,مطابقة خاطئة (تشابه أسماء) - أُلغي الإثراء,294462,,https://image.tmdb.org/t/p/w500/j3JoXq5jdJZ7Dblb79l50KMK8Gk.jpg,صورة من TMDB
ولادة-جديدة-علي-بحيرة-الجليد-rebirth,Rebirth,2026,series,مطابقة خاطئة (تشابه أسماء) - أُلغي الإثراء,324005,,https://pub-7bd753a4463049929e562aa677ad4251.r2.dev/series/ولادة-جديدة-علي-بحيرة-الجليد-rebirth.jpg,صورة من CSV
الخلاص-redemption,Redemption,,series,مطابقة خاطئة (تشابه أسماء) - أُلغي الإثراء,106502,,https://pub-7bd753a4463049929e562aa677ad4251.r2.dev/series/الخلاص-redemption.jpg,صورة من CSV
reply-1988,Reply,1988,series,مطابقة خاطئة (تشابه أسماء) - أُلغي الإثراء,312403,,https://pub-7bd753a4463049929e562aa677ad4251.r2.dev/series/reply-1988.jpg,صورة من CSV
reverse,Reverse,2024,series,مطابقة خاطئة (تشابه أسماء) - أُلغي الإثراء,302218,,https://pub-7bd753a4463049929e562aa677ad4251.r2.dev/series/reverse.jpg,صورة من CSV
s-line,S Line,1950,series,مطابقة خاطئة (تشابه أسماء) - أُلغي الإثراء,26663,,https://image.tmdb.org/t/p/w500/A9T7xSQFnlxFgZkqC4lmHYPXhq4.jpg,صورة من TMDB
sky-castle,SKY Castle,1989,series,مطابقة خاطئة (تشابه أسماء) - أُلغي الإثراء,17755,,https://image.tmdb.org/t/p/w500/jmNyFDx7N0a4QqcUALrUWIxRp26.jpg,صورة من TMDB
school-2013,School,2013,series,مطابقة خاطئة (تشابه أسماء) - أُلغي الإثراء,53721,,https://image.tmdb.org/t/p/w500/eBCJc0GS0eiOhZf5PqRapE4iKNw.jpg,صورة من TMDB
انظر-الي-النور-see-the-light,See the Light,,series,مطابقة خاطئة (تشابه أسماء) - أُلغي الإثراء,155421,,https://pub-7bd753a4463049929e562aa677ad4251.r2.dev/series/انظر-الي-النور-see-the-light.jpg,صورة من CSV
sex-education,Sex Education,2023,series,مطابقة خاطئة (تشابه أسماء) - أُلغي الإثراء,230996,,https://pub-7bd753a4463049929e562aa677ad4251.r2.dev/series/sex-education.jpg,صورة من CSV
البطانة-الفضية-silver-lining,Silver Lining,,series,مطابقة خاطئة (تشابه أسماء) - أُلغي الإثراء,22694,,https://pub-7bd753a4463049929e562aa677ad4251.r2.dev/series/البطانة-الفضية-silver-lining.jpg,صورة من CSV
sorry-not-sorry,Sorry Not Sorry,2026,series,مطابقة خاطئة (تشابه أسماء) - أُلغي الإثراء,77705,,https://image.tmdb.org/t/p/w500/78EFVHMF7mvF8t2iwkrAdvaJ6gC.jpg,صورة من TMDB
sote,Sote,2005,series,مطابقة خاطئة (تشابه أسماء) - أُلغي الإثراء,4605,,https://image.tmdb.org/t/p/w500/wAYjFO8TPn7qVtD0nMykFyFQ9XL.jpg,صورة من TMDB
ليلة-الربيع-spring-night,Spring Night,,series,مطابقة خاطئة (تشابه أسماء) - أُلغي الإثراء,28596,,https://pub-7bd753a4463049929e562aa677ad4251.r2.dev/series/ليلة-الربيع-spring-night.jpg,صورة من CSV
squid-game,Squid Game,2023,series,مطابقة خاطئة (تشابه أسماء) - أُلغي الإثراء,204082,,https://image.tmdb.org/t/p/w500/eAjXAgdjPMZH9Ugub7XYPowFoS1.jpg,صورة من TMDB
surely-tomorrow,Surely Tomorrow,2016,series,مطابقة خاطئة (تشابه أسماء) - أُلغي الإثراء,128781,,https://image.tmdb.org/t/p/w500/uAH3Tfo4AfC0j4ARBTQoUyxxRsp.jpg,صورة من TMDB
tempest,Tempest,2025,series,مطابقة خاطئة (تشابه أسماء) - أُلغي الإثراء,301810,,https://pub-7bd753a4463049929e562aa677ad4251.r2.dev/series/tempest.jpg,صورة من CSV
territory,Territory,1957,series,مطابقة خاطئة (تشابه أسماء) - أُلغي الإثراء,14412,,https://image.tmdb.org/t/p/w500/sqd4Z8UljfMvLYtdqszay1YtOCy.jpg,صورة من TMDB
the-accident,The Accident,2025,series,مطابقة خاطئة (تشابه أسماء) - أُلغي الإثراء,326265,,https://pub-7bd753a4463049929e562aa677ad4251.r2.dev/series/the-accident.jpg,صورة من CSV
the-big-c,The Big C,2013,series,مطابقة خاطئة (تشابه أسماء) - أُلغي الإثراء,58290,,https://pub-7bd753a4463049929e562aa677ad4251.r2.dev/series/the-big-c.jpg,صورة من CSV
the-borderline,The Borderline,2025,series,مطابقة خاطئة (تشابه أسماء) - أُلغي الإثراء,299692,,https://pub-7bd753a4463049929e562aa677ad4251.r2.dev/series/the-borderline.jpg,صورة من CSV
the-boyfriend,The Boyfriend,2026,series,مطابقة خاطئة (تشابه أسماء) - أُلغي الإثراء,291861,,https://image.tmdb.org/t/p/w500/5AgwfzaJrMOfdVaC5rjWwb0JJuq.jpg,صورة من TMDB
the-boys,The Boys,2026,series,مطابقة خاطئة (تشابه أسماء) - أُلغي الإثراء,299158,,https://pub-7bd753a4463049929e562aa677ad4251.r2.dev/series/the-boys.jpg,صورة من CSV
the-breakthrough,The Breakthrough,1962,series,مطابقة خاطئة (تشابه أسماء) - أُلغي الإثراء,5090,,https://image.tmdb.org/t/p/w500/tIshJvVOFzHzqqd0bbrNTaXnoUb.jpg,صورة من TMDB
the-crown,The Crown,2023,series,مطابقة خاطئة (تشابه أسماء) - أُلغي الإثراء,236849,,https://pub-7bd753a4463049929e562aa677ad4251.r2.dev/series/the-crown.jpg,صورة من CSV
the-darkness,The Darkness,1987,series,مطابقة خاطئة (تشابه أسماء) - أُلغي الإثراء,47234,,https://image.tmdb.org/t/p/w500/4BbVcJMRSK4J3O17vxGlCEVfYTH.jpg,صورة من TMDB
the-empress,The Empress,,series,مطابقة خاطئة (تشابه أسماء) - أُلغي الإثراء,61988,,https://pub-7bd753a4463049929e562aa677ad4251.r2.dev/series/the-empress.jpg,صورة من CSV
the-frog,The Frog,2019,series,مطابقة خاطئة (تشابه أسماء) - أُلغي الإثراء,130622,,https://image.tmdb.org/t/p/w500/2BXUejLijJQkZMdxTXdrAAvaw8l.jpg,صورة من TMDB
the-gardener,The Gardener,2015,series,مطابقة خاطئة (تشابه أسماء) - أُلغي الإثراء,63655,,https://image.tmdb.org/t/p/w500/ruxEDDaJX0RbWEwHdVV8fbiNL44.jpg,صورة من TMDB
الهبة-the-gift,The Gift,,series,مطابقة خاطئة (تشابه أسماء) - أُلغي الإثراء,29432,,https://pub-7bd753a4463049929e562aa677ad4251.r2.dev/series/الهبة-the-gift.jpg,صورة من CSV
the-glory,The Glory,2001,series,مطابقة خاطئة (تشابه أسماء) - أُلغي الإثراء,10231,,https://pub-7bd753a4463049929e562aa677ad4251.r2.dev/series/the-glory.jpg,صورة من CSV
the-heritage,The Heritage,2009,series,مطابقة خاطئة (تشابه أسماء) - أُلغي الإثراء,43663,,https://image.tmdb.org/t/p/w500/1cPl45TrR9qffMpmyZ4a3WumSid.jpg,صورة من TMDB
the-hooligan,The Hooligan,2026,series,مطابقة خاطئة (تشابه أسماء) - أُلغي الإثراء,317494,,https://pub-7bd753a4463049929e562aa677ad4251.r2.dev/series/the-hooligan.jpg,صورة من CSV
the-hunt,The Hunt,2025,series,مطابقة خاطئة (تشابه أسماء) - أُلغي الإثراء,285295,,https://pub-7bd753a4463049929e562aa677ad4251.r2.dev/series/the-hunt.jpg,صورة من CSV
the-jinx-the-life-and-deaths-of-robert-durst,The Jinx: The Life and Deaths of Robert Durst,2015,series,مطابقة خاطئة (تشابه أسماء) - أُلغي الإثراء,61929,,https://image.tmdb.org/t/p/w500/yfc1MOI3IjUmeNd1CiWVYF57GNS.jpg,صورة من TMDB
the-leopard,The Leopard,,series,مطابقة خاطئة (تشابه أسماء) - أُلغي الإثراء,30014,,https://pub-7bd753a4463049929e562aa677ad4251.r2.dev/series/the-leopard.jpg,صورة من CSV
السراب-the-mirage,The Mirage,,series,مطابقة خاطئة (تشابه أسماء) - أُلغي الإثراء,56506,,https://pub-7bd753a4463049929e562aa677ad4251.r2.dev/series/السراب-the-mirage.jpg,صورة من CSV
the-ranch,The Ranch,2019,series,مطابقة خاطئة (تشابه أسماء) - أُلغي الإثراء,295676,,https://pub-7bd753a4463049929e562aa677ad4251.r2.dev/series/the-ranch.jpg,صورة من CSV
the-season,The Season,2026,series,مطابقة خاطئة (تشابه أسماء) - أُلغي الإثراء,321623,,https://image.tmdb.org/t/p/w500/kPz9M2hbZVRue9bbZAHKB9RrXox.jpg,صورة من TMDB
the-signal,The Signal,2025,series,مطابقة خاطئة (تشابه أسماء) - أُلغي الإثراء,299395,,https://image.tmdb.org/t/p/w500/zPDW51LSuzOndvVrgKQMMkFnaII.jpg,صورة من TMDB
the-tailor,The Tailor,2024,series,مطابقة خاطئة (تشابه أسماء) - أُلغي الإثراء,261508,,https://image.tmdb.org/t/p/w500/5YVS9eBNhhX2N2ZtwFAJ0rxaaGq.jpg,صورة من TMDB
the-tiktok-killer,The TikTok Killer,2024,series,مطابقة خاطئة (تشابه أسماء) - أُلغي الإثراء,244442,,https://image.tmdb.org/t/p/w500/IT2dEVHbMBenmDouyHSebkuNjr.jpg,صورة من TMDB
الحقيقة-the-truth,The Truth,,series,مطابقة خاطئة (تشابه أسماء) - أُلغي الإثراء,11894,,https://pub-7bd753a4463049929e562aa677ad4251.r2.dev/series/الحقيقة-the-truth.jpg,صورة من CSV
the-tyrant,The Tyrant,1968,series,مطابقة خاطئة (تشابه أسماء) - أُلغي الإثراء,154817,,https://image.tmdb.org/t/p/w500/4oqgjIClRQBwdqWJXAqtT6CGrMX.jpg,صورة من TMDB
the-united-states-of-al,The United States of Al,1972,series,مطابقة خاطئة (تشابه أسماء) - أُلغي الإثراء,18752,,https://image.tmdb.org/t/p/w500/qwTv24KwCvn1tG4rfcQLFIZd1rs.jpg,صورة من TMDB
الغير-مرئيين-the-unseen,The Unseen,,series,مطابقة خاطئة (تشابه أسماء) - أُلغي الإثراء,21221,,https://pub-7bd753a4463049929e562aa677ad4251.r2.dev/series/الغير-مرئيين-the-unseen.jpg,صورة من CSV
the-whirlwind,The Whirlwind,2015,series,مطابقة خاطئة (تشابه أسماء) - أُلغي الإثراء,68657,,https://image.tmdb.org/t/p/w500/hUye3TnlXvq08FKhaBtChoZ9vR0.jpg,صورة من TMDB
the-witch,The Witch,1996,series,مطابقة خاطئة (تشابه أسماء) - أُلغي الإثراء,3105,,https://image.tmdb.org/t/p/w500/nNhj3coHNVVJPVM7fm5PEYVTCMO.jpg,صورة من TMDB
انقاذ-الزمن-time-rescue,Time Rescue,,series,مطابقة خاطئة (تشابه أسماء) - أُلغي الإثراء,121093,,https://pub-7bd753a4463049929e562aa677ad4251.r2.dev/series/انقاذ-الزمن-time-rescue.jpg,صورة من CSV
two-graves,Two Graves,2022,series,مطابقة خاطئة (تشابه أسماء) - أُلغي الإثراء,202761,,https://image.tmdb.org/t/p/w500/cvCzL1RfVSvSaWBQxVZYUsnm5UH.jpg,صورة من TMDB
عم-uncle,Uncle,,series,مطابقة خاطئة (تشابه أسماء) - أُلغي الإثراء,47035,,https://pub-7bd753a4463049929e562aa677ad4251.r2.dev/series/عم-uncle.jpg,صورة من CSV
نحن-متخفون-undercover-us,Undercover Us,,series,مطابقة خاطئة (تشابه أسماء) - أُلغي الإثراء,33297,,https://pub-7bd753a4463049929e562aa677ad4251.r2.dev/series/نحن-متخفون-undercover-us.jpg,صورة من CSV
uonderbois,Uonderbois,2024,series,مطابقة خاطئة (تشابه أسماء) - أُلغي الإثراء,215798,,https://image.tmdb.org/t/p/w500/4kvehGv1ByB4qzXNGz4djUQYlWq.jpg,صورة من TMDB
villains,Villains,2023,series,مطابقة خاطئة (تشابه أسماء) - أُلغي الإثراء,233815,,https://image.tmdb.org/t/p/w500/k7YL1VBrHGVsbou3U1LHUVXl44o.jpg,صورة من TMDB
vincenzo,Vincenzo,2022,series,مطابقة خاطئة (تشابه أسماء) - أُلغي الإثراء,213120,,https://image.tmdb.org/t/p/w500/m5eesqrd7gw2bosN2CCYZojuP7z.jpg,صورة من TMDB
wayward,Wayward,2015,series,مطابقة خاطئة (تشابه أسماء) - أُلغي الإثراء,53425,,https://image.tmdb.org/t/p/w500/mK9MowBCPEn7RbsDXqN0MxyPc4.jpg,صورة من TMDB
woman-of-the-dead,Woman of the Dead,1995,series,مطابقة خاطئة (تشابه أسماء) - أُلغي الإثراء,73548,,https://image.tmdb.org/t/p/w500/s5rBXJ2CFK9rWRZmLl0vqrPcSrM.jpg,صورة من TMDB
wonderful-world,Wonderful World,1997,series,مطابقة خاطئة (تشابه أسماء) - أُلغي الإثراء,23936,,https://image.tmdb.org/t/p/w500/liQIvgYvnNwqjV6MvnFzvlXJNL2.jpg,صورة من TMDB
yellowstone,Yellowstone,2022,series,مطابقة خاطئة (تشابه أسماء) - أُلغي الإثراء,214951,,https://pub-7bd753a4463049929e562aa677ad4251.r2.dev/series/yellowstone.jpg,صورة من CSV
you-re-beautiful,You're Beautiful,2011,series,مطابقة خاطئة (تشابه أسماء) - أُلغي الإثراء,79603,,https://image.tmdb.org/t/p/w500/rTydXk0FoNkcoSiCBYeqRdaSer9.jpg,صورة من TMDB
younger,Younger,2021,series,مطابقة خاطئة (تشابه أسماء) - أُلغي الإثراء,133366,,https://pub-7bd753a4463049929e562aa677ad4251.r2.dev/series/younger.jpg,صورة من CSV
toile,Étoile,2017,series,مطابقة خاطئة (تشابه أسماء) - أُلغي الإثراء,71402,,https://image.tmdb.org/t/p/w500/pGpBXAma5twHMjw6UPQKD9xuUyn.jpg,صورة من TMDB
الامير,الامير,2007,series,مطابقة خاطئة (تشابه أسماء) - أُلغي الإثراء,3215,,https://image.tmdb.org/t/p/w500/oQ37FBHA7ABhnAKpmdOMVLV4Dib.jpg,صورة من TMDB
الاول-والاخير-انت,الاول والاخير انت,2021,series,مطابقة خاطئة (تشابه أسماء) - أُلغي الإثراء,131906,,https://image.tmdb.org/t/p/w500/2k4hd1fWFSZaiJ8ii91znKmrU5R.jpg,صورة من TMDB
الحامي,الحامي,,series,مطابقة خاطئة (تشابه أسماء) - أُلغي الإثراء,982744,,https://pub-7bd753a4463049929e562aa677ad4251.r2.dev/series/%D8%A7%D9%84%D8%AD%D8%A7%D9%85%D9%8A.jpg,صورة من CSV
الحب-الغير-مكتمل,الحب الغير مكتمل,2020,series,مطابقة خاطئة (تشابه أسماء) - أُلغي الإثراء,103357,,https://image.tmdb.org/t/p/w500/3nFaaeWhtQ2jdyWTmKnI5iTaOWK.jpg,صورة من TMDB
الشركة,الشركة,2020,series,مطابقة خاطئة (تشابه أسماء) - أُلغي الإثراء,102468,,https://image.tmdb.org/t/p/w500/u9VJcOATZy5y3kRAJrtcAOq1LVA.jpg,صورة من TMDB
الغزال,الغزال,2021,series,مطابقة خاطئة (تشابه أسماء) - أُلغي الإثراء,121642,,https://image.tmdb.org/t/p/w500/oq29aN9vxcf5qRAuB2fmd9IpTED.jpg,صورة من TMDB
المؤثر,المؤثر,2024,series,مطابقة خاطئة (تشابه أسماء) - أُلغي الإثراء,243149,,https://image.tmdb.org/t/p/w500/4uGjITOG6rHQYb3pAC4tsgIUEtl.jpg,صورة من TMDB
المحقق,المحقق,1996,series,مطابقة خاطئة (تشابه أسماء) - أُلغي الإثراء,30983,,https://image.tmdb.org/t/p/w500/9BhczLWHd0O9qOgBzO9dWKKH01a.jpg,صورة من TMDB
الموازين,الموازين,2024,series,مطابقة خاطئة (تشابه أسماء) - أُلغي الإثراء,251317,,https://image.tmdb.org/t/p/w500/rcwKxmZ6fROO76bCJaVlPKzG6FE.jpg,صورة من TMDB
ايزيل,ايزيل,2009,series,مطابقة خاطئة (تشابه أسماء) - أُلغي الإثراء,32519,,https://image.tmdb.org/t/p/w500/52Js8g74tqk5PdaAIVxnVKqEqo7.jpg,صورة من TMDB
في,في,2019,series,مطابقة خاطئة (تشابه أسماء) - أُلغي الإثراء,301994,,https://image.tmdb.org/t/p/w500/m0Vk24KLaKBMiCVuk7cRhsILyqW.jpg,صورة من TMDB
وماذا-بعد,وماذا بعد,2024,series,مطابقة خاطئة (تشابه أسماء) - أُلغي الإثراء,245238,,https://image.tmdb.org/t/p/w500/qiFFImtnJIe7lTJmF09gtMknkds.jpg,صورة من TMDB
