id,name,type,poster_source,final_status,image_url
16bit-sensation-another-layer,16bit Sensation: Another Layer,anime,anilist,ok,https://s4.anilist.co/file/anilistcdn/media/anime/cover/large/bx159559-4JzfnLGIelRC.jpg
4-nin-wa-sorezore-uso-wo-tsuku,4-nin wa Sorezore Uso wo Tsuku,anime,anilist,ok,https://s4.anilist.co/file/anilistcdn/media/anime/cover/large/bx146962-mBcqIslFD83F.png
a3-season-autumn-winter,A3! Season Autumn & Winter,anime,anilist,ok,https://s4.anilist.co/file/anilistcdn/media/anime/cover/large/bx111145-bYNGacLaqHQq.jpg
ai-no-idenshi,AI no Idenshi,anime,anilist,ok,https://s4.anilist.co/file/anilistcdn/media/anime/cover/large/bx158530-CT38yZ23cabT.png
akiba-maid-sensou,Akiba Maid Sensou,anime,anilist,ok,https://s4.anilist.co/file/anilistcdn/media/anime/cover/large/bx151379-JxxgTgSViXZL.png
akuyaku-reijou-nanode-last-boss-wo-kattemimashita,Akuyaku Reijou nanode Last Boss wo Kattemimashita,anime,anilist,ok,https://s4.anilist.co/file/anilistcdn/media/anime/cover/large/bx139820-T8Nk5dRd3q9L.jpg
ao-no-orchestra,Ao no Orchestra,anime,anilist,ok,https://s4.anilist.co/file/anilistcdn/media/anime/cover/large/bx147369-Aodog1O7Nhuq.png
ars-no-kyojuu,Ars no Kyojuu,anime,anilist,ok,https://s4.anilist.co/file/anilistcdn/media/anime/cover/large/bx155089-I5zYFNvWua57.png
ayaka,Ayaka,anime,anilist,ok,https://s4.anilist.co/file/anilistcdn/media/anime/cover/large/bx155982-IZNOPZyon0QI.jpg
b-the-beginning,B: The Beginning,anime,anilist,ok,https://s4.anilist.co/file/anilistcdn/media/anime/cover/large/nx21665-QnenQOaxzhpf.jpg
baki,Baki,anime,anilist,ok,https://s4.anilist.co/file/anilistcdn/media/anime/cover/large/bx97888-tdZ1r7qN1DRs.jpg
ballroom-e-youkoso,Ballroom e Youkoso,anime,user,ok,https://pub-7bd753a4463049929e562aa677ad4251.r2.dev/anime/ballroom-e-youkoso.jpg
bang-dream-it-s-mygo,BanG Dream! It's MyGO!!!!!,anime,anilist,ok,https://s4.anilist.co/file/anilistcdn/media/anime/cover/large/bx163571-Atkvuzh1A1Ip.png
benriya-saitou-san-isekai-ni-iku,"Benriya Saitou-san,anime,anilist,ok,https://s4.anilist.co/file/anilistcdn/media/anime/cover/large/bx144092-8EKzzZQofFlW.jpg
berserk-ougon-jidai-hen-memorial-edition,Berserk: Ougon Jidai-hen - Memorial Edition,anime,anilist,ok,https://s4.anilist.co/file/anilistcdn/media/anime/cover/large/bx155011-dCGHIBUyI2km.jpg
berserk-ougon-jidai-hen-i-haou-no-tamago,Berserk: Ougon Jidai-hen I - Haou no Tamago,anime,user,ok,https://pub-7bd753a4463049929e562aa677ad4251.r2.dev/anime/فيلم-berserk-ougon-jidai-hen-i-haou-no-tamago-مترجم.jpg
berserk-ougon-jidai-hen-ii-doldrey-kouryaku,Berserk: Ougon Jidai-hen II - Doldrey Kouryaku,anime,user,ok,https://pub-7bd753a4463049929e562aa677ad4251.r2.dev/anime/فيلم-berserk-ougon-jidai-hen-ii-doldrey-kouryaku-مترجم.jpg
berserk-ougon-jidai-hen-iii-kourin,Berserk: Ougon Jidai-hen III - Kourin,anime,user,ok,https://pub-7bd753a4463049929e562aa677ad4251.r2.dev/anime/فيلم-berserk-ougon-jidai-hen-iii-kourin-مترجم.jpg
birdie-wing-golf-girls-story,Birdie Wing: Golf Girls' Story,anime,anilist,ok,https://s4.anilist.co/file/anilistcdn/media/anime/cover/large/bx140830-hHqRY63VwOp2.jpg
birdie-wing-golf-girls-story-season-2,Birdie Wing: Golf Girls' Story Season 2,anime,anilist,ok,https://s4.anilist.co/file/anilistcdn/media/anime/cover/large/bx140830-hHqRY63VwOp2.jpg
black-clover,Black Clover,anime,anilist,ok,https://s4.anilist.co/file/anilistcdn/media/anime/cover/large/bx97940-fyh8o7gNbha0.png
black-lagoon-roberta-s-blood-trail,Black Lagoon: Roberta's Blood Trail,anime,anilist,ok,https://s4.anilist.co/file/anilistcdn/media/anime/cover/large/bx4901-evMxxc1A8pCF.jpg
blade-soul,Blade & Soul,anime,anilist,ok,https://s4.anilist.co/file/anilistcdn/media/anime/cover/large/bx20619-mezLG8DuqnrS.jpg
bleach,Bleach,anime,anilist,ok,https://s4.anilist.co/file/anilistcdn/media/anime/cover/large/bx269-d2GmRkJbMopq.png
bleach-sennen-kessen-hen,Bleach: Sennen Kessen-hen,anime,anilist,ok,https://s4.anilist.co/file/anilistcdn/media/anime/cover/large/bx116674-p3zK4PUX2Aag.jpg
bocchi-the-rock,Bocchi the Rock!,anime,anilist,ok,https://s4.anilist.co/file/anilistcdn/media/anime/cover/large/bx130003-HTDmeL4RGeJ4.png
boku-no-hero-academia-2nd-season-hero-note,Boku no Hero Academia 2nd Season: Hero Note,anime,user,ok,https://pub-7bd753a4463049929e562aa677ad4251.r2.dev/anime/الحلقة-الخاصة-boku-no-hero-academia-2nd-season-hero-note.jpg
boku-no-hero-academia-the-movie-3-world-heroes-mission,Boku no Hero Academia the Movie 3: World Heroes' Mission,anime,anilist,ok,https://s4.anilist.co/file/anilistcdn/media/anime/cover/large/bx126659-i6c1PsXHGyke.jpg
boku-no-hero-academia-ikinokore-kesshi-no-survival-kunren,Boku no Hero Academia: Ikinokore! Kesshi no Survival Kunren,anime,user,ok,https://pub-7bd753a4463049929e562aa677ad4251.r2.dev/anime/boku-no-hero-academia-ikinokore-kesshi-no-survival-kunren.jpg
boku-no-hero-academia-sukue-kyuujo-kunren,Boku no Hero Academia: Sukue! Kyuujo Kunren!,anime,user,ok,https://pub-7bd753a4463049929e562aa677ad4251.r2.dev/anime/اوفا-boku-no-hero-academia-sukue-kyuujo-kunren.jpg
boku-no-hero-academia-training-of-the-dead,Boku no Hero Academia: Training of the Dead,anime,user,ok,https://pub-7bd753a4463049929e562aa677ad4251.r2.dev/anime/اوفا-boku-no-hero-academia-training-of-the-dead.jpg
bokura-no-ameiro-protocol,Bokura no Ameiro Protocol,anime,anilist,ok,https://s4.anilist.co/file/anilistcdn/media/anime/cover/large/bx166896-I28S6PPq9etk.png
boruto-naruto-next-generations,Boruto: Naruto Next Generations,anime,anilist,ok,https://s4.anilist.co/file/anilistcdn/media/anime/cover/large/bx97938-BnF6M5yTaNB1.jpg
boukensha-ni-naritai-to-miyako-ni-deteitta-musume-ga-s-rank-ni-natteta,Boukensha ni Naritai to Miyako ni Deteitta Musume ga S-Rank ni Natteta,anime,anilist,ok,https://s4.anilist.co/file/anilistcdn/media/anime/cover/large/bx156184-mrU1zLqpnMSK.jpg
boushoku-no-berserk,Boushoku no Berserk,anime,anilist,ok,https://s4.anilist.co/file/anilistcdn/media/anime/cover/large/bx156039-JnepQcVxXLLW.jpg
buddy-daddies,Buddy Daddies,anime,anilist,ok,https://s4.anilist.co/file/anilistcdn/media/anime/cover/large/bx155907-wY1RqFUHvZ60.jpg
bullbuster,Bullbuster,anime,anilist,ok,https://s4.anilist.co/file/anilistcdn/media/anime/cover/large/bx157399-svuSCoNRyOm4.jpg
buta-no-liver-wa-kanetsu-shiro,Buta no Liver wa Kanetsu Shiro,anime,anilist,ok,https://s4.anilist.co/file/anilistcdn/media/anime/cover/large/bx142599-UMN3ko4YEUqo.jpg
cardfight-vanguard-will-dress,Cardfight!! Vanguard: will+Dress,anime,anilist,ok,https://s4.anilist.co/file/anilistcdn/media/anime/cover/large/bx139212-2dds9fnqW3WD.jpg
code-geass-boukoku-no-akito-5-itoshiki-mono-tachi-e,Code Geass: Boukoku no Akito 5 - Itoshiki Mono-tachi e,anime,anilist,ok,https://s4.anilist.co/file/anilistcdn/media/anime/cover/large/bx21178-jmxNhcsEELFt.png
code-geass-hangyaku-no-lelouch-r2,Code Geass: Hangyaku no Lelouch R2,anime,user,ok,https://pub-7bd753a4463049929e562aa677ad4251.r2.dev/anime/code-geass-hangyaku-no-lelouch-r2.jpg
cool-doji-danshi,Cool Doji Danshi,anime,anilist,ok,https://s4.anilist.co/file/anilistcdn/media/anime/cover/large/bx147885-RuqC9lZH9ao6.jpg
cyberpunk-edgerunners,Cyberpunk: Edgerunners,anime,anilist,ok,https://s4.anilist.co/file/anilistcdn/media/anime/cover/large/bx120377-ayZPoxiWt4Li.jpg
dark-gathering,Dark gathering,anime,anilist,ok,https://s4.anilist.co/file/anilistcdn/media/anime/cover/large/bx152802-ENRcnqD5axhQ.jpg
darwin-s-game,Darwin's Game,anime,anilist,ok,https://s4.anilist.co/file/anilistcdn/media/anime/cover/large/bx105190-lSoQNlnMF6UP.jpg
deep-insanity-the-lost-child,Deep Insanity: The Lost Child,anime,anilist,ok,https://s4.anilist.co/file/anilistcdn/media/anime/cover/large/bx136947-ZtUWswedpbR6.jpg
dekiru-neko-wa-kyou-mo-yuuutsu,Dekiru Neko wa Kyou mo Yuuutsu,anime,anilist,ok,https://s4.anilist.co/file/anilistcdn/media/anime/cover/large/bx149883-D2LSB7hm5bhv.png
dekoboko-majo-no-oyako-jijou,Dekoboko Majo no Oyako Jijou,anime,anilist,ok,https://s4.anilist.co/file/anilistcdn/media/anime/cover/large/bx154454-9gZSDOmcBwrn.jpg
demi-chan-wa-kataritai,Demi-chan wa Kataritai,anime,user,ok,https://pub-7bd753a4463049929e562aa677ad4251.r2.dev/anime/demi-chan-wa-kataritai.jpg
dies-irae-to-the-ring-reincarnation,Dies Irae: To the Ring Reincarnation,anime,user,ok,https://pub-7bd753a4463049929e562aa677ad4251.r2.dev/anime/dies-irae-to-the-ring-reincarnation.jpg
digimon-adventure,Digimon Adventure,anime,user,ok,https://pub-7bd753a4463049929e562aa677ad4251.r2.dev/anime/digimon-adventure.jpg
digimon-ghost-game,Digimon Ghost Game,anime,anilist,ok,https://s4.anilist.co/file/anilistcdn/media/anime/cover/large/bx137309-1TTkC932WbYn.jpg
do-it-yourself,Do It Yourself!!,anime,anilist,ok,https://s4.anilist.co/file/anilistcdn/media/anime/cover/large/bx131516-kLB37ISBeOX0.jpg
dogeza-de-tanondemita,Dogeza de Tanondemita,anime,anilist,ok,https://s4.anilist.co/file/anilistcdn/media/anime/cover/large/bx122137-wqDaJxQWVXaa.jpg
dokyuu-hentai-hxeros,Dokyuu Hentai HxEros,anime,user,ok,https://pub-7bd753a4463049929e562aa677ad4251.r2.dev/anime/dokyuu-hentai-hxeros-ova.jpg
dokyuu-hentai-hxeros-ova,Dokyuu Hentai HxEros OVA,anime,user,ok,https://pub-7bd753a4463049929e562aa677ad4251.r2.dev/anime/dokyuu-hentai-hxeros-ova.jpg
dota-dragon-s-blood,DOTA: Dragon’s Blood,anime,none,still_missing,
dragon-ball-z,Dragon Ball Z,anime,user,ok,https://pub-7bd753a4463049929e562aa677ad4251.r2.dev/anime/dragon-ball-z.jpg
dragon-quest-dai-no-daibouken-2020-2,Dragon Quest: Dai no Daibouken (2020),anime,anilist,ok,https://s4.anilist.co/file/anilistcdn/media/anime/cover/large/bx2229-aAZ38PLgyd1P.png
dragon-quest-dai-no-daibouken-2020-recap,Dragon Quest: Dai no Daibouken (2020) Recap,anime,user,ok,https://pub-7bd753a4463049929e562aa677ad4251.r2.dev/anime/الحلقة-الخاصة-dragon-quest-dai-no-daibouken-2020-recap.jpg
dragon-ie-wo-kau,"Dragon,anime,existing,ok,https://pub-7bd753a4463049929e562aa677ad4251.r2.dev/anime/dragon-ie-wo-kau.jpg
dragon-s-dogma,Dragon's Dogma,anime,anilist,ok,https://s4.anilist.co/file/anilistcdn/media/anime/cover/large/bx108356-qxHmuNVZFRwJ.png
edomae-elf,Edomae Elf,anime,anilist,ok,https://s4.anilist.co/file/anilistcdn/media/anime/cover/large/bx150957-VFsWSLJgW9Bu.jpg
eiyuu-kyoushitsu,Eiyuu Kyoushitsu,anime,anilist,ok,https://s4.anilist.co/file/anilistcdn/media/anime/cover/large/bx139606-LrYkytn7fVwt.jpg
fairy-tail-2014-2,Fairy Tail (2014),anime,anilist,ok,https://s4.anilist.co/file/anilistcdn/media/anime/cover/medium/b6702-KI4qgSMyI8Pm.png
fairy-tail-movie-1-houou-no-miko-hajimari-no-asa,Fairy Tail Movie 1: Houou no Miko - Hajimari no Asa,anime,user,ok,https://pub-7bd753a4463049929e562aa677ad4251.r2.dev/anime/الحلقة-الخاصة-fairy-tail-movie-1-houou-no-miko-hajimari-no-asa.png
fairy-tail-ova-2016,Fairy Tail OVA (2016),anime,user,ok,https://pub-7bd753a4463049929e562aa677ad4251.r2.dev/anime/fairy-tail-ova-2016.jpg
fairy-tail-x-rave,Fairy Tail x Rave,anime,user,ok,https://pub-7bd753a4463049929e562aa677ad4251.r2.dev/anime/اوفا-fairy-tail-x-rave.jpg
fate-grand-order-shinsei-entaku-ryouiki-camelot-1-wandering-agateram,Fate/Grand Order: Shinsei Entaku Ryouiki Camelot 1 - Wandering; Agateram,anime,user,ok,https://pub-7bd753a4463049929e562aa677ad4251.r2.dev/anime/فيلم-fate-grand-order-shinsei-entaku-ryouiki-camelot-1-wandering-agateram-مترجم.jpg
fate-grand-order-shinsei-entaku-ryouiki-camelot-2-paladin-agateram,Fate/Grand Order: Shinsei Entaku Ryouiki Camelot 2 - Paladin; Agateram,anime,user,ok,https://pub-7bd753a4463049929e562aa677ad4251.r2.dev/anime/فيلم-fate-grand-order-shinsei-entaku-ryouiki-camelot-2-paladin-agateram.jpg
fate-grand-order-shuukyoku-tokuiten-kani-jikan-shinden-solomon,Fate/Grand Order: Shuukyoku Tokuiten - Kani Jikan Shinden Solomon,anime,user,ok,https://pub-7bd753a4463049929e562aa677ad4251.r2.dev/anime/فيلم-fate-grand-order-shuukyoku-tokuiten-kani-jikan-shinden-solomon.jpg
fate-stay-night-movie-heaven-s-feel-i-presage-flower,Fate/stay night Movie: Heaven's Feel - I. Presage Flower,anime,anilist,ok,https://s4.anilist.co/file/anilistcdn/media/anime/cover/large/bx6922-g3hsIYOWGXL8.jpg
fate-stay-night-movie-heaven-s-feel-ii-lost-butterfly,Fate/stay night Movie: Heaven's Feel - II. Lost Butterfly,anime,anilist,ok,https://s4.anilist.co/file/anilistcdn/media/anime/cover/large/bx6922-g3hsIYOWGXL8.jpg
fate-stay-night-movie-heaven-s-feel-iii-spring-song,Fate/stay night Movie: Heaven's Feel - III. Spring Song,anime,anilist,ok,https://s4.anilist.co/file/anilistcdn/media/anime/cover/large/bx6922-g3hsIYOWGXL8.jpg
futsal-boys,Futsal Boys!!!!!,anime,anilist,ok,https://s4.anilist.co/file/anilistcdn/media/anime/cover/large/bx112719-DZk18Cu69HcD.png
fuufu-ijou-koibito-miman,"Fuufu Ijou,anime,anilist,ok,https://s4.anilist.co/file/anilistcdn/media/anime/cover/large/bx141949-tViCIRHPZAyG.jpg
fuuka,Fuuka,anime,user,ok,https://pub-7bd753a4463049929e562aa677ad4251.r2.dev/anime/fuuka.jpg
gangsta,Gangsta,anime,user,ok,https://pub-7bd753a4463049929e562aa677ad4251.r2.dev/anime/gangsta.jpg
genjitsu-no-yohane-sunshine-in-the-mirror,Genjitsu no Yohane: Sunshine in the Mirror,anime,anilist,ok,https://s4.anilist.co/file/anilistcdn/media/anime/cover/large/bx151513-0tGiS0NC3adv.jpg
gibiate,Gibiate,anime,anilist,ok,https://s4.anilist.co/file/anilistcdn/media/anime/cover/medium/b110446-vqrjx22U4T9N.jpg
gintama-enchousen,Gintama': Enchousen,anime,anilist,ok,https://s4.anilist.co/file/anilistcdn/media/anime/cover/large/bx15417-Uc2uNdWEixwi.jpg
gintama-futon-ni-haitte-kara-buki-nokoshi-ni-kizuite-neru-ni-nerenai-toki-mo-aru,Gintama': Futon ni Haitte kara Buki Nokoshi ni Kizuite Neru ni Nerenai Toki mo Aru,anime,anilist,ok,https://s4.anilist.co/file/anilistcdn/media/anime/cover/medium/20882.jpg
goblin-slayer,Goblin Slayer,anime,user,ok,https://pub-7bd753a4463049929e562aa677ad4251.r2.dev/anime/goblin-slayer.jpg
goblin-slayer-goblin-s-crown,Goblin Slayer: Goblin's Crown,anime,anilist,ok,https://s4.anilist.co/file/anilistcdn/media/anime/cover/large/bx108623-pREPeutedpc2.jpg
good-night-world,Good Night World,anime,anilist,ok,https://s4.anilist.co/file/anilistcdn/media/anime/cover/large/bx167820-RO0nRXw7fcpu.jpg
gotoubun-no-hanayome-2024-2,Gotoubun no Hanayome 2024,anime,anilist,ok,https://s4.anilist.co/file/anilistcdn/media/anime/cover/large/bx103572-cchriAdH95cQ.png
gyakuten-sekai-no-denchi-shoujo,Gyakuten Sekai no Denchi Shoujo,anime,user,ok,https://pub-7bd753a4463049929e562aa677ad4251.r2.dev/anime/gyakuten-sekai-no-denchi-shoujo.jpg
hajime-no-ippo,Hajime no Ippo,anime,anilist,ok,https://s4.anilist.co/file/anilistcdn/media/anime/cover/large/bx19647-cIy7ShTL6e9h.jpg
hajimete-no-gal,Hajimete no Gal,anime,anilist,ok,https://s4.anilist.co/file/anilistcdn/media/anime/cover/large/bx97863-79AXrUZ7VQa5.jpg
hajimete-no-gal-hajimete-no-bunkasai,Hajimete no Gal: Hajimete no Bunkasai,anime,anilist,ok,https://s4.anilist.co/file/anilistcdn/media/anime/cover/medium/98878-jmrheWUkd7IA.png
hakuouki-ova-2021-2,Hakuouki OVA (2021),anime,anilist,ok,https://s4.anilist.co/file/anilistcdn/media/anime/cover/medium/11663.jpg
hametsu-no-oukoku,Hametsu no Oukoku,anime,anilist,ok,https://s4.anilist.co/file/anilistcdn/media/anime/cover/large/bx160900-GxVB6H5ewrqv.jpg
helck,Helck,anime,anilist,ok,https://s4.anilist.co/file/anilistcdn/media/anime/cover/large/bx145140-tHT8TT2XSsOh.jpg
higurashi-no-naku-koro-ni-2020-2,Higurashi no Naku Koro ni (2020),anime,anilist,ok,https://s4.anilist.co/file/anilistcdn/media/anime/cover/large/bx934-wjMlVEl4CWwg.jpg
hirogaru-sky-precure,Hirogaru Sky! Precure,anime,anilist,ok,https://s4.anilist.co/file/anilistcdn/media/anime/cover/large/bx157883-ib9fXLLjUy5m.png
horimiya-piece,Horimiya: Piece,anime,anilist,ok,https://s4.anilist.co/file/anilistcdn/media/anime/cover/large/bx163132-C220CO5UrTxY.jpg
hoshi-no-samidare,Hoshi no Samidare,anime,anilist,ok,https://s4.anilist.co/file/anilistcdn/media/anime/cover/large/bx144323-BU9YN8Yphagr.jpg
human-bug-daigaku,Human Bug Daigaku,anime,anilist,ok,https://s4.anilist.co/file/anilistcdn/media/anime/cover/large/bx154545-V8HOiDY7keu0.jpg
hunter-x-hunter-2011,Hunter x Hunter (2011),anime,anilist,ok,https://s4.anilist.co/file/anilistcdn/media/anime/cover/large/bx136-gj0bbCpDNrKG.jpg
hyouken-no-majutsushi-ga-sekai-wo-suberu,Hyouken no Majutsushi ga Sekai wo Suberu,anime,anilist,ok,https://s4.anilist.co/file/anilistcdn/media/anime/cover/large/bx148116-t6E73U8SJhYD.jpg
hypnosis-mic-division-rap-battle-rhyme-anima,Hypnosis Mic: Division Rap Battle - Rhyme Anima,anime,anilist,ok,https://s4.anilist.co/file/anilistcdn/media/anime/cover/large/bx163140-99mUhgXp8t5T.jpg
ijiranaide-nagatoro-san,"Ijiranaide,anime,anilist,ok,https://s4.anilist.co/file/anilistcdn/media/anime/cover/large/bx120697-BA2TqxB1I5bJ.jpg
isekai-nonbiri-nouka,Isekai Nonbiri Nouka,anime,anilist,ok,https://s4.anilist.co/file/anilistcdn/media/anime/cover/large/bx146850-xfeAFIE0M9hl.jpg
isekai-ojisan,Isekai Ojisan,anime,anilist,ok,https://s4.anilist.co/file/anilistcdn/media/anime/cover/large/bx135806-uhqZSNTYZe04.jpg
isekai-one-turn-kill-neesan-ane-douhan-no-isekai-seikatsu-hajimemashita,Isekai One Turn Kill Neesan: Ane Douhan no Isekai Seikatsu Hajimemashita,anime,anilist,ok,https://s4.anilist.co/file/anilistcdn/media/anime/cover/large/bx146234-vSYvPfLwjYXX.jpg
isekai-shoukan-wa-nidome-desu,Isekai Shoukan wa Nidome desu,anime,anilist,ok,https://s4.anilist.co/file/anilistcdn/media/anime/cover/large/bx140754-JHwGp7NrAj9m.png
isekai-wa-smartphone-to-tomo-ni,Isekai wa Smartphone to Tomo ni,anime,anilist,ok,https://s4.anilist.co/file/anilistcdn/media/anime/cover/large/nx98491-5vyX89aabiHz.jpg
itai-no-wa-iya-nano-de-bougyoryoku-ni-kyokufuri-shitai-to-omoimasu,Itai no wa Iya nano de Bougyoryoku ni Kyokufuri Shitai to Omoimasu,anime,anilist,ok,https://s4.anilist.co/file/anilistcdn/media/anime/cover/large/bx106479-JmPk1F5ubMtm.png
itou-junji-maniac,Itou Junji: Maniac,anime,anilist,ok,https://s4.anilist.co/file/anilistcdn/media/anime/cover/large/bx150653-80BlGKvUBmaS.jpg
jaku-chara-tomozaki-kun-specials,Jaku-Chara Tomozaki-kun Specials,anime,user,ok,https://pub-7bd753a4463049929e562aa677ad4251.r2.dev/anime/jaku-chara-tomozaki-kun-specials.jpg
jigoku-sensei-nube-2025-2,Jigoku Sensei Nube (2025),anime,anilist,ok,https://s4.anilist.co/file/anilistcdn/media/anime/cover/medium/2012.jpg
jitsu-wa-ore-saikyou-deshita,"Jitsu wa Ore,anime,anilist,ok,https://s4.anilist.co/file/anilistcdn/media/anime/cover/large/bx154391-IEyLPkJBsMxO.jpg
journey-taiko-arabia-hantou-de-no-kiseki-to-tatakai-no-monogatari-ومدبلج,Journey: Taiko Arabia Hantou de no Kiseki to Tatakai no Monogatari ومدبلج,anime,user,ok,https://pub-7bd753a4463049929e562aa677ad4251.r2.dev/anime/فيلم-journey-taiko-arabia-hantou-de-no-kiseki-to-tatakai-no-monogatari-مترجم-ومدبلج-اون-لاين.jpg
k-project,K-Project,anime,user,ok,https://pub-7bd753a4463049929e562aa677ad4251.r2.dev/anime/k-project.png
k-return-of-kings,K: Return of Kings,anime,user,ok,https://pub-7bd753a4463049929e562aa677ad4251.r2.dev/anime/k-return-of-kings.jpg
k-seven-stories-movie-1-r-b-blaze,K: Seven Stories Movie 1 - R:B - Blaze,anime,user,ok,https://pub-7bd753a4463049929e562aa677ad4251.r2.dev/anime/فيلم-k-seven-stories-movie-1-r-b-blaze.png
k-seven-stories-movie-2-side-blue-tenrou-no-gotoku,K: Seven Stories Movie 2 - Side:Blue - Tenrou no Gotoku,anime,user,ok,https://pub-7bd753a4463049929e562aa677ad4251.r2.dev/anime/فيلم-k-seven-stories-movie-2-side-blue-tenrou-no-gotoku.png
k-seven-stories-movie-3-side-green-uwagaki-sekai,K: Seven Stories Movie 3 - Side:Green - Uwagaki Sekai,anime,user,ok,https://pub-7bd753a4463049929e562aa677ad4251.r2.dev/anime/فيلم-k-seven-stories-movie-3-side-green-uwagaki-sekai.png
kaifuku-jutsushi-no-yarinaoshi,Kaifuku Jutsushi no Yarinaoshi,anime,anilist,ok,https://s4.anilist.co/file/anilistcdn/media/anime/cover/large/bx113425-tYGRUa5pgZje.jpg
kakegurui-twin,Kakegurui Twin,anime,anilist,ok,https://s4.anilist.co/file/anilistcdn/media/anime/cover/large/bx141351-47JtghppCwMu.png
kaminaki-sekai-no-kamisama-katsudou,Kaminaki Sekai no Kamisama Katsudou,anime,anilist,ok,https://s4.anilist.co/file/anilistcdn/media/anime/cover/large/bx148048-IaEk51Wtu07L.jpg
kanata-no-astra,Kanata no Astra,anime,user,ok,https://pub-7bd753a4463049929e562aa677ad4251.r2.dev/anime/kanata-no-astra.jpg
kanojo-ga-koushaku-tei-ni-itta-riyuu,Kanojo ga Koushaku-tei ni Itta Riyuu,anime,anilist,ok,https://s4.anilist.co/file/anilistcdn/media/anime/cover/large/bx151847-OnTYbvb4y4mp.jpg
kawagoe-boys-sing,Kawagoe Boys Sing,anime,anilist,ok,https://s4.anilist.co/file/anilistcdn/media/anime/cover/large/bx162209-EdG4Pyn37Il8.jpg
kawaisugi-crisis,Kawaisugi Crisis,anime,anilist,ok,https://s4.anilist.co/file/anilistcdn/media/anime/cover/large/bx155070-XuEi3eycUBjC.png
keikenzumi-na-kimi-to-keiken-zero-na-ore-ga-otsukiai-suru-hanashi,"Keikenzumi na Kimi to,anime,anilist,ok,https://s4.anilist.co/file/anilistcdn/media/anime/cover/large/bx154459-foR6BMJayEbi.jpg
kekkai-sensen-beyond,Kekkai Sensen & Beyond,anime,anilist,ok,https://s4.anilist.co/file/anilistcdn/media/anime/cover/large/nx97886-iArtYIxZzGcR.jpg
kenpuu-denki-berserk-berserk-1997-2,Kenpuu Denki Berserk (Berserk 1997),anime,anilist,ok,https://s4.anilist.co/file/anilistcdn/media/anime/cover/large/bx33-PSwfE5B0gejI.jpg
kibou-no-chikara-otona-precure-23,Kibou no Chikara: Otona Precure '23,anime,anilist,ok,https://s4.anilist.co/file/anilistcdn/media/anime/cover/large/bx162720-bVrHEs2nUlBo.jpg
kikansha-no-mahou-wa-tokubetsu-desu,Kikansha no Mahou wa Tokubetsu desu,anime,anilist,ok,https://s4.anilist.co/file/anilistcdn/media/anime/cover/large/bx163142-RjFeJrTnDA2B.png
king-s-raid-ishi-wo-tsugumono-tachi,King's Raid: Ishi wo Tsugumono-tachi,anime,anilist,ok,https://s4.anilist.co/file/anilistcdn/media/anime/cover/large/bx118376-V0mSf2LG0OOs.jpg
kizumonogatari-i-tekketsu-hen,Kizumonogatari I: Tekketsu-hen,anime,user,ok,https://pub-7bd753a4463049929e562aa677ad4251.r2.dev/anime/فيلم-kizumonogatari-i-tekketsu-hen.png
kizumonogatari-ii-nekketsu-hen,Kizumonogatari II: Nekketsu-hen,anime,user,ok,https://pub-7bd753a4463049929e562aa677ad4251.r2.dev/anime/فيلم-kizumonogatari-ii-nekketsu-hen.png
kizumonogatari-iii-reiketsu-hen,Kizumonogatari III: Reiketsu-hen,anime,user,ok,https://pub-7bd753a4463049929e562aa677ad4251.r2.dev/anime/فيلم-kizumonogatari-iii-reiketsu-hen.png
kono-subarashii-sekai-ni-bakuen-wo,Kono Subarashii Sekai ni Bakuen wo!,anime,anilist,ok,https://s4.anilist.co/file/anilistcdn/media/anime/cover/large/bx150075-QIGcA7oVyO6l.jpg
kono-subarashii-sekai-ni-shukufuku-wo-2,Kono Subarashii Sekai ni Shukufuku wo! 2,anime,user,ok,https://pub-7bd753a4463049929e562aa677ad4251.r2.dev/anime/kono-subarashii-sekai-ni-shukufuku-wo-2.jpg
kono-subarashii-sekai-ni-shukufuku-wo-2-kono-subarashii-geijutsu-ni-shukufuku-wo,Kono Subarashii Sekai ni Shukufuku wo! 2: Kono Subarashii Geijutsu ni Shukufuku wo!,anime,user,ok,https://pub-7bd753a4463049929e562aa677ad4251.r2.dev/anime/اوفا-kono-subarashii-sekai-ni-shukufuku-wo-2-kono-subarashii-geijutsu-ni-shukufuku-wo.png
kono-subarashii-sekai-ni-shukufuku-wo-kono-subarashii-choker-ni-shukufuku-wo,Kono Subarashii Sekai ni Shukufuku wo!: Kono Subarashii Choker ni Shukufuku wo!,anime,user,ok,https://pub-7bd753a4463049929e562aa677ad4251.r2.dev/anime/اوفا-kono-subarashii-sekai-ni-shukufuku-wo-kono-subarashii-choker-ni-shukufuku-wo.png
konyaku-haki-sareta-reijou-wo-hirotta-ore-ga-ikenai-koto-wo-oshiekomu,"Konyaku Haki sareta Reijou wo Hirotta Ore ga,anime,anilist,ok,https://s4.anilist.co/file/anilistcdn/media/anime/cover/large/bx154214-Uf9x7mY4IJJr.jpg
koori-zokusei-danshi-to-cool-na-douryou-joshi,Koori Zokusei Danshi to Cool na Douryou Joshi,anime,anilist,ok,https://s4.anilist.co/file/anilistcdn/media/anime/cover/large/bx151252-ywrMmJG1Loc3.jpg
koukyuu-no-karasu,Koukyuu no Karasu,anime,anilist,ok,https://s4.anilist.co/file/anilistcdn/media/anime/cover/large/bx142701-jyjYorMpj3lf.jpg
kubo-san-wa-mob-wo-yurusanai,Kubo-san wa Mob wo Yurusanai,anime,anilist,ok,https://s4.anilist.co/file/anilistcdn/media/anime/cover/large/bx148969-3vPgXpMpQvba.jpg
kuma-kuma-kuma-bear,Kuma Kuma Kuma Bear,anime,anilist,ok,https://s4.anilist.co/file/anilistcdn/media/anime/cover/large/bx114340-9KovjbYWlNGa.jpg
kyoukai-no-kanata-movie-1-i-ll-be-here-kako-hen,Kyoukai no Kanata Movie 1: I'll Be Here - Kako-hen,anime,anilist,ok,https://s4.anilist.co/file/anilistcdn/media/anime/cover/large/bx20768-xwQobWzMYTd4.png
kyoukai-no-kanata-movie-2-i-ll-be-here-mirai-hen,Kyoukai no Kanata Movie 2: I'll Be Here - Mirai-hen,anime,anilist,ok,https://s4.anilist.co/file/anilistcdn/media/anime/cover/large/nx20963-xWZjgqAdFOfn.png
kyuuketsuki-sugu-shinu,Kyuuketsuki Sugu Shinu,anime,anilist,ok,https://s4.anilist.co/file/anilistcdn/media/anime/cover/large/bx118103-pue9xw0RB1mc.jpg
lets-play-quest-darake-no-my-life-2,Lets Play Quest-darake no My Life,anime,anilist,ok,https://s4.anilist.co/file/anilistcdn/media/anime/cover/large/bx193968-tXbbqBOTuClj.jpg
level-1-dakedo-unique-skill-de-saikyou-desu,Level 1 dakedo Unique Skill de Saikyou desu,anime,anilist,ok,https://s4.anilist.co/file/anilistcdn/media/anime/cover/large/bx148465-JHRudD6EbUVU.jpg
liar-liar,Liar Liar,anime,anilist,ok,https://s4.anilist.co/file/anilistcdn/media/anime/cover/large/bx131863-G7bfAMPea08v.png
lookism,Lookism,anime,anilist,ok,https://s4.anilist.co/file/anilistcdn/media/anime/cover/large/bx158539-jcLUcvqALA08.jpg
lupin-zero,Lupin Zero,anime,anilist,ok,https://s4.anilist.co/file/anilistcdn/media/anime/cover/large/bx155925-FWI4G2QSweAz.png
mahou-shoujo-magical-destroyers,Mahou Shoujo Magical Destroyers,anime,anilist,ok,https://s4.anilist.co/file/anilistcdn/media/anime/cover/large/bx134131-70vYnpBHFtHy.jpg
mahouka-koukou-no-rettousei-movie-hoshi-wo-yobu-shoujo,Mahouka Koukou no Rettousei Movie: Hoshi wo Yobu Shoujo,anime,user,ok,https://pub-7bd753a4463049929e562aa677ad4251.r2.dev/anime/فيلم-mahouka-koukou-no-rettousei-movie-hoshi-wo-yobu-shoujo-مترجم.jpg
mahouka-koukou-no-rettousei-tsuioku-hen,Mahouka Koukou no Rettousei: Tsuioku-hen,anime,user,ok,https://pub-7bd753a4463049929e562aa677ad4251.r2.dev/anime/الحلقة-الخاصة-mahouka-koukou-no-rettousei-tsuioku-hen.jpg
maken-ki,Maken-Ki!,anime,anilist,ok,https://s4.anilist.co/file/anilistcdn/media/anime/cover/medium/9936.jpg
maken-ki-two,Maken-Ki! Two,anime,anilist,ok,https://s4.anilist.co/file/anilistcdn/media/anime/cover/medium/20750.jpg
masou-gakuen-hxh,Masou Gakuen HxH,anime,anilist,ok,https://s4.anilist.co/file/anilistcdn/media/anime/cover/large/bx21378-83u2Jo9aACxx.jpg
megumi-no-daigo-kyuukoku-no-orange,Megumi no Daigo: Kyuukoku no Orange,anime,anilist,ok,https://s4.anilist.co/file/anilistcdn/media/anime/cover/large/bx158791-MjVI8OkR8z7k.jpg
meitantei-conan-hannin-no-hanzawa-san,Meitantei Conan: Hannin no Hanzawa-san,anime,anilist,ok,https://s4.anilist.co/file/anilistcdn/media/anime/cover/large/bx140005-BMmsl94sUPsw.jpg
migi-to-dali,Migi to Dali,anime,anilist,ok,https://s4.anilist.co/file/anilistcdn/media/anime/cover/large/bx142666-QI7zhl1ClcRg.jpg
mix-meisei-story,Mix: Meisei Story,anime,anilist,ok,https://s4.anilist.co/file/anilistcdn/media/anime/cover/large/bx103555-YMLK0Feq3DmS.jpg
mob-psycho-100,Mob Psycho 100,anime,anilist,ok,https://s4.anilist.co/file/anilistcdn/media/anime/cover/large/bx21507-6YUSbh2m0N1p.jpg
mobile-suit-gundam-hathaway-s-flash,Mobile Suit Gundam: Hathaway's Flash,anime,anilist,ok,https://s4.anilist.co/file/anilistcdn/media/anime/cover/large/bx113971-GIit95PnSGvt.jpg
monogatari-series-second-season,Monogatari Series: Second Season,anime,user,ok,https://pub-7bd753a4463049929e562aa677ad4251.r2.dev/anime/monogatari-series-second-season.png
monster-musume-no-iru-nichijou,Monster Musume no Iru Nichijou,anime,user,ok,https://pub-7bd753a4463049929e562aa677ad4251.r2.dev/anime/monster-musume-no-iru-nichijou.jpg
mou-ippon,Mou Ippon!,anime,anilist,ok,https://s4.anilist.co/file/anilistcdn/media/anime/cover/large/bx136435-LWGyXLdHE71D.jpg
mushikaburi-hime,Mushikaburi-hime,anime,anilist,ok,https://s4.anilist.co/file/anilistcdn/media/anime/cover/large/bx144533-DqgPeBmWZPYQ.jpg
nanatsu-no-maken-ga-shihai-suru,Nanatsu no Maken ga Shihai suru,anime,anilist,ok,https://s4.anilist.co/file/anilistcdn/media/anime/cover/large/bx142598-0jpRK2h0v1hd.jpg
nanatsu-no-taizai-seisen-no-shirushi,Nanatsu no Taizai: Seisen no Shirushi,anime,user,ok,https://pub-7bd753a4463049929e562aa677ad4251.r2.dev/anime/nanatsu-no-taizai-seisen-no-shirushi.png
nande-koko-ni-sensei-ga,Nande Koko ni Sensei ga!?,anime,user,ok,https://pub-7bd753a4463049929e562aa677ad4251.r2.dev/anime/nande-koko-ni-sensei-ga.jpg
naruto,Naruto,anime,anilist,ok,https://s4.anilist.co/file/anilistcdn/media/anime/cover/large/bx20-dE6UHbFFg1A5.jpg
naruto-shippuuden,Naruto: Shippuuden,anime,anilist,ok,https://s4.anilist.co/file/anilistcdn/media/anime/cover/large/bx1735-kGfVm0YqCPcu.png
nekomonogatari-kuro,Nekomonogatari: Kuro,anime,user,ok,https://pub-7bd753a4463049929e562aa677ad4251.r2.dev/anime/nekomonogatari-kuro.jpg
new-game,New Game!,anime,user,ok,https://pub-7bd753a4463049929e562aa677ad4251.r2.dev/anime/new-game.jpg
new-game-watashi-shain-ryokou-tte-hajimete-nano-de,"New Game! Watashi,anime,existing,ok,https://pub-7bd753a4463049929e562aa677ad4251.r2.dev/anime/اوفا-new-game-watashi-shain-ryokou-tte-hajimete-nano-de.jpg
niehime-to-kemono-no-ou,Niehime to Kemono no Ou,anime,anilist,ok,https://s4.anilist.co/file/anilistcdn/media/anime/cover/large/bx128715-T4Tne2TcqfVx.jpg
nihon-chinbotsu-2020-2,Nihon Chinbotsu 2020,anime,anilist,ok,https://s4.anilist.co/file/anilistcdn/media/anime/cover/large/bx112357-N03rYtjPxJtE.jpg
ningen-fushin-no-boukensha-tachi-ga-sekai-wo-sukuu-you-desu,Ningen Fushin no Boukensha-tachi ga Sekai wo Sukuu you desu,anime,anilist,ok,https://s4.anilist.co/file/anilistcdn/media/anime/cover/large/bx137909-7c0zEcg9GjYo.png
nisemonogatari,Nisemonogatari,anime,user,ok,https://pub-7bd753a4463049929e562aa677ad4251.r2.dev/anime/nisemonogatari.jpg
nokemono-tachi-no-yoru,Nokemono-tachi no Yoru,anime,anilist,ok,https://s4.anilist.co/file/anilistcdn/media/anime/cover/large/bx151679-aslz4Mr7FD8Q.jpg
noumin-kanren-no-skill-bakka-agetetara-nazeka-tsuyoku-natta,Noumin Kanren no Skill bakka Agetetara Nazeka Tsuyoku Natta,anime,anilist,ok,https://s4.anilist.co/file/anilistcdn/media/anime/cover/large/bx145815-XsgcXy7WzgtK.png
ojou-to-banken-kun,Ojou to Banken-kun,anime,anilist,ok,https://s4.anilist.co/file/anilistcdn/media/anime/cover/large/bx155527-fXFaC94ehfj9.jpg
okashi-na-tensei,Okashi na Tensei,anime,anilist,ok,https://s4.anilist.co/file/anilistcdn/media/anime/cover/large/bx153339-u8i4Sc28U6En.jpg
ooyukiumi-no-kaina,Ooyukiumi no Kaina,anime,anilist,ok,https://s4.anilist.co/file/anilistcdn/media/anime/cover/large/bx144144-dja2cBUKz3lu.jpg
otonari-ni-ginga,Otonari ni Ginga,anime,anilist,ok,https://s4.anilist.co/file/anilistcdn/media/anime/cover/large/bx148098-MI9Rm8JVhSh0.jpg
ousama-game-the-animation,Ousama Game The Animation,anime,user,ok,https://pub-7bd753a4463049929e562aa677ad4251.r2.dev/anime/ousama-game-the-animation.jpg
ousama-ranking-yuuki-no-takarabako,Ousama Ranking: Yuuki no Takarabako,anime,anilist,ok,https://s4.anilist.co/file/anilistcdn/media/anime/cover/large/bx153452-6aGeSxRw2cxY.jpg
overtake,Overtake!,anime,anilist,ok,https://s4.anilist.co/file/anilistcdn/media/anime/cover/large/bx160515-02jyy9B3qpFc.jpg
owarimonogatari,Owarimonogatari,anime,user,ok,https://pub-7bd753a4463049929e562aa677ad4251.r2.dev/anime/owarimonogatari.jpg
owarimonogatari-2nd-season,Owarimonogatari 2nd Season,anime,user,ok,https://pub-7bd753a4463049929e562aa677ad4251.r2.dev/anime/owarimonogatari-2nd-season.jpg
peter-grill-to-kenja-no-jikan,Peter Grill to Kenja no Jikan,anime,anilist,ok,https://s4.anilist.co/file/anilistcdn/media/anime/cover/large/bx111965-iUYaDivDR4BG.jpg
pluto,Pluto,anime,anilist,ok,https://s4.anilist.co/file/anilistcdn/media/anime/cover/large/bx99088-LTJskMD1wbbQ.png
potion-danomi-de-ikinobimasu,Potion-danomi de Ikinobimasu!,anime,anilist,ok,https://s4.anilist.co/file/anilistcdn/media/anime/cover/large/bx161992-XwIJpQUHXwQv.jpg
psycho-pass-2,Psycho-Pass 2,anime,user,ok,https://pub-7bd753a4463049929e562aa677ad4251.r2.dev/anime/psycho-pass-2.jpg
psycho-pass-3,Psycho-Pass 3,anime,user,ok,https://pub-7bd753a4463049929e562aa677ad4251.r2.dev/anime/psycho-pass-3.jpg
ragna-crimson,Ragna Crimson,anime,anilist,ok,https://s4.anilist.co/file/anilistcdn/media/anime/cover/large/bx146493-bThyDJ4ZmbfV.jpg
ranma1-2-2024-2,Ranma1/2 (2024),anime,user,ok,https://pub-7bd753a4463049929e562aa677ad4251.r2.dev/anime/ranma1-2-2024.jpg
renai-flops,Renai Flops,anime,anilist,ok,https://s4.anilist.co/file/anilistcdn/media/anime/cover/large/bx146676-8hkJxhY3b4tX.jpg
revenger,Revenger,anime,anilist,ok,https://s4.anilist.co/file/anilistcdn/media/anime/cover/large/bx155202-SeJWvbrVEktH.png
rokudou-no-onna-tachi,Rokudou no Onna-tachi,anime,anilist,ok,https://s4.anilist.co/file/anilistcdn/media/anime/cover/large/bx160442-NxKnt9KyL1DG.png
romantic-killer,Romantic Killer,anime,anilist,ok,https://s4.anilist.co/file/anilistcdn/media/anime/cover/large/bx153930-uTRxaIcNa26E.jpg
rurouni-kenshin-meiji-kenkaku-romantan-2023,Rurouni Kenshin: Meiji Kenkaku Romantan (2023),anime,anilist,ok,https://s4.anilist.co/file/anilistcdn/media/anime/cover/large/bx45-DEFgZRCxiGmF.png
ryza-no-atelier-tokoyami-no-joou-to-himitsu-no-kakurega,Ryza no Atelier: Tokoyami no Joou to Himitsu no Kakurega,anime,anilist,ok,https://s4.anilist.co/file/anilistcdn/media/anime/cover/large/bx162893-qDZDzL4jJ03c.jpg
sabikui-bisco,Sabikui Bisco,anime,user,ok,https://pub-7bd753a4463049929e562aa677ad4251.r2.dev/anime/sabikui-bisco.png
saihate-no-paladin,Saihate no Paladin,anime,anilist,ok,https://s4.anilist.co/file/anilistcdn/media/anime/cover/large/bx132473-L64hP24nJyEV.jpg
saikyou-onmyouji-no-isekai-tenseiki,Saikyou Onmyouji no Isekai Tenseiki,anime,anilist,ok,https://s4.anilist.co/file/anilistcdn/media/anime/cover/large/bx144553-Q5M7iNLHMuCl.jpg
sakura-sou-no-pet-na-kanojo,Sakura-sou no Pet na Kanojo,anime,anilist,ok,https://s4.anilist.co/file/anilistcdn/media/anime/cover/large/bx13759-xNf0gJK4Axt2.jpg
seija-musou-salaryman-isekai-de-ikinokoru-tame-ni-ayumu-michi,"Seija Musou: Salaryman,anime,anilist,ok,https://s4.anilist.co/file/anilistcdn/media/anime/cover/large/bx155418-wLWulAHYVrE5.jpg
seiken-densetsu-legend-of-mana-the-teardrop-crystal,Seiken Densetsu: Legend of Mana - The Teardrop Crystal,anime,anilist,ok,https://s4.anilist.co/file/anilistcdn/media/anime/cover/large/bx136150-azIWKERi7SLo.jpg
seiken-gakuin-no-makentsukai,Seiken Gakuin no Makentsukai,anime,anilist,ok,https://s4.anilist.co/file/anilistcdn/media/anime/cover/large/bx140501-pXY8yUDScfHS.jpg
seishun-buta-yarou-wa-odekake-sister-no-yume-wo-minai,Seishun Buta Yarou wa Odekake Sister no Yume wo Minai,anime,user,ok,https://pub-7bd753a4463049929e562aa677ad4251.r2.dev/anime/فيلم-seishun-buta-yarou-wa-odekake-sister-no-yume-wo-minai.jpg
sekirei,Sekirei,anime,anilist,ok,https://s4.anilist.co/file/anilistcdn/media/anime/cover/large/bx4063-ZP7agutiaOCf.png
sekirei-hajimete-no-otsukai,Sekirei: Hajimete no Otsukai,anime,anilist,ok,https://s4.anilist.co/file/anilistcdn/media/anime/cover/large/bx4063-ZP7agutiaOCf.png
sekirei-pure-engagement,Sekirei: Pure Engagement,anime,anilist,ok,https://s4.anilist.co/file/anilistcdn/media/anime/cover/large/bx5277-FVXhVU8xoY6z.png
shadowverse-flame,Shadowverse Flame,anime,anilist,ok,https://s4.anilist.co/file/anilistcdn/media/anime/cover/large/bx140085-3VhIbUc8HKYi.jpg
shaman-king-2021-2,Shaman King (2021),anime,anilist,ok,https://s4.anilist.co/file/anilistcdn/media/anime/cover/large/bx154-hSYv4EtcBE1p.png
shingeki-no-kyojin-lost-girls,Shingeki no Kyojin: Lost Girls,anime,user,ok,https://pub-7bd753a4463049929e562aa677ad4251.r2.dev/anime/shingeki-no-kyojin-lost-girls.png
shinkalion-change-the-world,Shinkalion: Change the World,anime,anilist,ok,https://s4.anilist.co/file/anilistcdn/media/anime/cover/large/bx172395-TESU4M0kQ94c.jpg
shinmai-maou-no-testament,Shinmai Maou no Testament,anime,user,ok,https://pub-7bd753a4463049929e562aa677ad4251.r2.dev/anime/shinmai-maou-no-testament.png
shinmai-maou-no-testament-burst,Shinmai Maou no Testament Burst,anime,user,ok,https://pub-7bd753a4463049929e562aa677ad4251.r2.dev/anime/shinmai-maou-no-testament-burst.jpg
shinmai-maou-no-testament-burst-toujou-basara-no-shigoku-heiwa-na-nichijou,Shinmai Maou no Testament Burst: Toujou Basara no Shigoku Heiwa na Nichijou,anime,user,ok,https://pub-7bd753a4463049929e562aa677ad4251.r2.dev/anime/اوفا-shinmai-maou-no-testament-burst-toujou-basara-no-shigoku-heiwa-na-nichijou.jpg
shinmai-maou-no-testament-departures,Shinmai Maou no Testament Departures,anime,user,ok,https://pub-7bd753a4463049929e562aa677ad4251.r2.dev/anime/اوفا-shinmai-maou-no-testament-departures.jpg
shinmai-maou-no-testament-toujou-basara-no-hard-sweet-na-nichijou,Shinmai Maou no Testament: Toujou Basara no Hard Sweet na Nichijou,anime,user,ok,https://pub-7bd753a4463049929e562aa677ad4251.r2.dev/anime/اوفا-shinmai-maou-no-testament-toujou-basara-no-hard-sweet-na-nichijou.jpg
shinmai-renkinjutsushi-no-tenpo-keiei,Shinmai Renkinjutsushi no Tenpo Keiei,anime,anilist,ok,https://s4.anilist.co/file/anilistcdn/media/anime/cover/large/bx139369-uwq21xa6v1JJ.jpg
shinobi-no-ittoki,Shinobi no Ittoki,anime,anilist,ok,https://s4.anilist.co/file/anilistcdn/media/anime/cover/large/bx145604-FQ8gN4CPaiui.jpg
shiro-seijo-to-kuro-bokushi,Shiro Seijo to Kuro Bokushi,anime,anilist,ok,https://s4.anilist.co/file/anilistcdn/media/anime/cover/large/bx150972-3gNJvsyu7lwP.png
show-by-rock-stars,Show by Rock!! Stars!!,anime,anilist,ok,https://s4.anilist.co/file/anilistcdn/media/anime/cover/large/bx113476-X0y7eSl4TAHd.jpg
shuumatsu-no-walkure,Shuumatsu no Walküre,anime,anilist,ok,https://s4.anilist.co/file/anilistcdn/media/anime/cover/large/bx127399-AAH1pevCZLrB.jpg
sin-nanatsu-no-taizai,Sin: Nanatsu no Taizai,anime,anilist,ok,https://s4.anilist.co/file/anilistcdn/media/anime/cover/large/nx98621-V6MIFGGS9w1Q.jpg
skip-to-loafer,Skip to Loafer,anime,anilist,ok,https://s4.anilist.co/file/anilistcdn/media/anime/cover/large/bx141911-o6Jwav7hRPPM.jpg
spriggan,Spriggan,anime,anilist,ok,https://s4.anilist.co/file/anilistcdn/media/anime/cover/large/nx420-KIPJO7uFQ9cR.jpg
spy-kyoushitsu,Spy Kyoushitsu,anime,anilist,ok,https://s4.anilist.co/file/anilistcdn/media/anime/cover/large/bx146323-vyj1w1VRgDN7.png
suki-na-ko-ga-megane-wo-wasureta,Suki na Ko ga Megane wo Wasureta,anime,anilist,ok,https://s4.anilist.co/file/anilistcdn/media/anime/cover/large/bx160188-4RvYLaru3vKj.jpg
super-dragon-ball-heroes,Super Dragon Ball Heroes,anime,anilist,ok,https://s4.anilist.co/file/anilistcdn/media/anime/cover/medium/b102352-iTBUsIV9x7KH.jpg
sword-art-online-2,Sword Art Online,anime,anilist,ok,https://s4.anilist.co/file/anilistcdn/media/anime/cover/large/bx11757-SxYDUzdr9rh2.jpg
sword-art-online-alternative-gun-gale-online-2,Sword Art Online Alternative: Gun Gale Online,anime,anilist,ok,https://s4.anilist.co/file/anilistcdn/media/anime/cover/large/nx100183-v4S2sGAG3A24.jpg
sword-art-online-alternative-gun-gale-online-ii-2,Sword Art Online Alternative: Gun Gale Online II,anime,anilist,ok,https://s4.anilist.co/file/anilistcdn/media/anime/cover/large/bx167141-m8eOYiDpeN4R.jpg
sword-art-online-ii-2,Sword Art Online II,anime,anilist,ok,https://s4.anilist.co/file/anilistcdn/media/anime/cover/large/nx20594-FhRgZ1H9Istt.jpg
sword-art-online-movie-ordinal-scale,Sword Art Online Movie: Ordinal Scale,anime,user,ok,https://pub-7bd753a4463049929e562aa677ad4251.r2.dev/anime/فيلم-sword-art-online-movie-ordinal-scale-مترجم.jpg
sword-art-online-alicization-2,Sword Art Online: Alicization,anime,anilist,ok,https://s4.anilist.co/file/anilistcdn/media/anime/cover/large/nx100182-KctPmCJ2smHQ.jpg
sword-art-online-alicization-war-of-underworld-2,Sword Art Online: Alicization - War of Underworld,anime,anilist,ok,https://s4.anilist.co/file/anilistcdn/media/anime/cover/large/bx108759-jcXbDf9BJTcb.jpg
sword-art-online-alicization-war-of-underworld-2nd-season-2,Sword Art Online: Alicization - War of Underworld 2nd Season,anime,anilist,ok,https://s4.anilist.co/file/anilistcdn/media/anime/cover/large/bx108759-jcXbDf9BJTcb.jpg
sword-art-online-extra-edition,Sword Art Online: Extra Edition,anime,user,ok,https://pub-7bd753a4463049929e562aa677ad4251.r2.dev/anime/الحلقة-الخاصة-sword-art-online-extra-edition.jpg
sword-art-online-progressive-movie-hoshi-naki-yoru-no-aria,Sword Art Online: Progressive Movie - Hoshi Naki Yoru no Aria,anime,user,ok,https://pub-7bd753a4463049929e562aa677ad4251.r2.dev/anime/فيلم-sword-art-online-progressive-movie-hoshi-naki-yoru-no-aria.jpg
sword-art-online-progressive-movie-kuraki-yuuyami-no-scherzo,Sword Art Online: Progressive Movie - Kuraki Yuuyami no Scherzo,anime,user,ok,https://pub-7bd753a4463049929e562aa677ad4251.r2.dev/anime/فيلم-sword-art-online-progressive-movie-kuraki-yuuyami-no-scherzo.jpg
taisou-zamurai,Taisou Zamurai,anime,anilist,ok,https://s4.anilist.co/file/anilistcdn/media/anime/cover/large/bx122807-m8jdQLQRSSUI.jpg
tales-of-zestiria-the-x,Tales of Zestiria the X,anime,user,ok,https://pub-7bd753a4463049929e562aa677ad4251.r2.dev/anime/tales-of-zestiria-the-x.jpg
tales-of-zestiria-the-x-2nd-season,Tales of Zestiria The X 2nd Season,anime,user,ok,https://pub-7bd753a4463049929e562aa677ad4251.r2.dev/anime/tales-of-zestiria-the-x-2nd-season.jpg
tearmoon-teikoku-monogatari-dantoudai-kara-hajimaru-hime-no-tensei-gyakuten-stor,"Tearmoon Teikoku Monogatari: Dantoudai kara Hajimaru,anime,anilist,ok,https://s4.anilist.co/file/anilistcdn/media/anime/cover/large/bx154384-3tpmugzrVpE9.jpg
technoroid-overmind,Technoroid: Overmind,anime,anilist,ok,https://s4.anilist.co/file/anilistcdn/media/anime/cover/large/bx141062-ylZrIsNqM7rA.png
tengoku-daimakyou,Tengoku Daimakyou,anime,anilist,ok,https://s4.anilist.co/file/anilistcdn/media/anime/cover/large/bx155783-YosKbsmZzuDE.jpg
tensei-kizoku-no-isekai-boukenroku-jichou-wo-shiranai-kamigami-no-shito,Tensei Kizoku no Isekai Boukenroku: Jichou wo Shiranai Kamigami no Shito,anime,anilist,ok,https://s4.anilist.co/file/anilistcdn/media/anime/cover/large/bx153332-k3Jg04E9jNRo.png
tensei-oujo-to-tensai-reijou-no-mahou-kakumei,Tensei Oujo to Tensai Reijou no Mahou Kakumei,anime,anilist,ok,https://s4.anilist.co/file/anilistcdn/media/anime/cover/large/bx153629-LNRlLFrbDTi8.jpg
tensei-shitara-ken-deshita,Tensei shitara Ken Deshita,anime,anilist,ok,https://s4.anilist.co/file/anilistcdn/media/anime/cover/large/bx139587-rbZVcigCRtHY.jpg
teppen,Teppen!!!!!!!!!!!!!!!,anime,anilist,ok,https://s4.anilist.co/file/anilistcdn/media/anime/cover/medium/b126319-fJbVg8FnxnD8.jpg
tesla-note,Tesla Note,anime,user,ok,https://pub-7bd753a4463049929e562aa677ad4251.r2.dev/anime/tesla-note.jpg
the-idolm-ster-cinderella-girls-u149,The IDOLM@STER Cinderella Girls: U149,anime,anilist,ok,https://s4.anilist.co/file/anilistcdn/media/anime/cover/large/bx146975-CUs3i5aU8KsU.png
the-idolm-ster-million-live,The iDOLM@STER Million Live!,anime,anilist,ok,https://s4.anilist.co/file/anilistcdn/media/anime/cover/large/bx120755-GNWdZXkBtNlw.jpg
the-legend-of-heroes-sen-no-kiseki-northern-war,The Legend of Heroes: Sen no Kiseki - Northern War,anime,anilist,ok,https://s4.anilist.co/file/anilistcdn/media/anime/cover/large/bx130696-auVIKVCaPGNl.jpg
the-marginal-service,The Marginal Service,anime,anilist,ok,https://s4.anilist.co/file/anilistcdn/media/anime/cover/large/bx156854-rl5eXhCfWhYI.png
thermae-romae-novae,Thermae Romae Novae,anime,anilist,ok,https://s4.anilist.co/file/anilistcdn/media/anime/cover/large/bx125447-Sqcq8oDHvZOK.jpg
toaru-kagaku-no-railgun-t,Toaru Kagaku no Railgun T,anime,user,ok,https://pub-7bd753a4463049929e562aa677ad4251.r2.dev/anime/toaru-kagaku-no-railgun-t.jpg
toaru-ossan-no-vrmmo-katsudouki,Toaru Ossan no VRMMO Katsudouki,anime,anilist,ok,https://s4.anilist.co/file/anilistcdn/media/anime/cover/large/bx161364-X0Nk5FvL6GHj.jpg
tokyo-mew-mew-new,Tokyo Mew Mew New ♡,anime,anilist,ok,https://s4.anilist.co/file/anilistcdn/media/anime/cover/large/bx117196-PtUScsEWrBED.png
tokyo-revengers,Tokyo Revengers,anime,anilist,ok,https://s4.anilist.co/file/anilistcdn/media/anime/cover/large/bx120120-cWDmnmeEntSe.jpg
tomo-chan-wa-onnanoko,Tomo-chan wa Onnanoko!,anime,anilist,ok,https://s4.anilist.co/file/anilistcdn/media/anime/cover/large/bx151806-IAMi2ctI5xJI.jpg
totsukuni-no-shoujo-2022,Totsukuni no Shoujo (2022),anime,user,ok,https://pub-7bd753a4463049929e562aa677ad4251.r2.dev/anime/اوفا-totsukuni-no-shoujo-2022.jpg
triage-x,Triage X,anime,anilist,ok,https://s4.anilist.co/file/anilistcdn/media/anime/cover/large/bx20839-6FUPqFJn7j0X.jpg
triage-x-recollection-xoxo,Triage X: Recollection XOXO,anime,anilist,ok,https://s4.anilist.co/file/anilistcdn/media/anime/cover/medium/21338-C9Qx8qhEyED5.jpg
trigun-stampede,Trigun Stampede,anime,anilist,ok,https://s4.anilist.co/file/anilistcdn/media/anime/cover/large/bx151040-9QXRpaprfNmL.png
tsukimonogatari,Tsukimonogatari,anime,user,ok,https://pub-7bd753a4463049929e562aa677ad4251.r2.dev/anime/tsukimonogatari.png
tsundere-akuyaku-reijou-liselotte-to-jikkyou-no-endou-kun-to-kaisetsu-no-kobayas,Tsundere Akuyaku Reijou Liselotte to Jikkyou no Endou-kun to Kaisetsu no Kobayashi-san,anime,anilist,ok,https://s4.anilist.co/file/anilistcdn/media/anime/cover/large/bx143064-3tJ0mGnNOT2w.png
uchi-no-kaisha-no-chiisai-senpai-no-hanashi,Uchi no Kaisha no Chiisai Senpai no Hanashi,anime,anilist,ok,https://s4.anilist.co/file/anilistcdn/media/anime/cover/large/bx155730-1dE2C3K8VFdW.png
uchi-no-shishou-wa-shippo-ga-nai,Uchi no Shishou wa Shippo ga Nai,anime,anilist,ok,https://s4.anilist.co/file/anilistcdn/media/anime/cover/large/bx137341-vb51oAS0lx37.jpg
undead-girl-murder-farce,Undead Girl Murder Farce,anime,anilist,ok,https://s4.anilist.co/file/anilistcdn/media/anime/cover/large/bx162983-T3nZyk6sUlEj.jpg
undead-unluck,Undead Unluck,anime,anilist,ok,https://s4.anilist.co/file/anilistcdn/media/anime/cover/large/bx154116-3ydDI9hhvPgw.png
under-ninja,Under Ninja,anime,anilist,ok,https://s4.anilist.co/file/anilistcdn/media/anime/cover/large/bx138788-CXUvAraN1xha.jpg
uniteup,UniteUp!,anime,anilist,ok,https://s4.anilist.co/file/anilistcdn/media/anime/cover/large/bx154969-dEPbdET6V9Uk.jpg
urusei-yatsura-2022,Urusei Yatsura (2022),anime,anilist,ok,https://s4.anilist.co/file/anilistcdn/media/anime/cover/large/bx1293-xohJFutZXimo.jpg
utawarerumono-futari-no-hakuoro,Utawarerumono: Futari no Hakuoro,anime,anilist,ok,https://s4.anilist.co/file/anilistcdn/media/anime/cover/large/bx112640-odUuRLTwodH5.jpg
vampire-hunter-d-2000,Vampire Hunter D (2000),anime,user,ok,https://pub-7bd753a4463049929e562aa677ad4251.r2.dev/anime/فيلم-vampire-hunter-d-2000-مترجم.jpg
vampire-in-the-garden,Vampire in the Garden,anime,anilist,ok,https://s4.anilist.co/file/anilistcdn/media/anime/cover/large/bx108357-i1p927RRYjxg.jpg
vazzrock-the-animation,Vazzrock The Animation,anime,anilist,ok,https://s4.anilist.co/file/anilistcdn/media/anime/cover/large/bx125910-ygY0iHvnPX0b.png
vivy-fluorite-eye-s-song,Vivy: Fluorite Eye's Song,anime,anilist,ok,https://s4.anilist.co/file/anilistcdn/media/anime/cover/large/bx128546-UIwyhuhjxmL0.jpg
vlad-love,Vlad Love,anime,anilist,ok,https://s4.anilist.co/file/anilistcdn/media/anime/cover/large/bx110200-QB9smw3HWyQC.jpg
world-dai-star,World Dai Star,anime,anilist,ok,https://s4.anilist.co/file/anilistcdn/media/anime/cover/large/bx157765-eHNYfzjXfJiG.png
yamada-kun-to-lv999-no-koi-wo-suru,Yamada-kun to Lv999 no Koi wo Suru,anime,anilist,ok,https://s4.anilist.co/file/anilistcdn/media/anime/cover/large/bx154965-vZbBRjtmLp7S.jpg
yosuga-no-sora-in-solitude-where-we-are-least-alone,"Yosuga no Sora: In Solitude,anime,anilist,ok,https://s4.anilist.co/file/anilistcdn/media/anime/cover/large/bx8861-DZKseZpdtBwp.jpg
yumemiru-danshi-wa-genjitsushugisha,Yumemiru Danshi wa Genjitsushugisha,anime,anilist,ok,https://s4.anilist.co/file/anilistcdn/media/anime/cover/large/bx157397-L1ZUMTuxf8OK.jpg
yuu-yuu-hakusho,Yuu☆Yuu☆Hakusho,anime,user,ok,https://pub-7bd753a4463049929e562aa677ad4251.r2.dev/anime/yuu-yuu-hakusho.jpg
yuusha-ga-shinda,Yuusha ga Shinda!,anime,anilist,ok,https://s4.anilist.co/file/anilistcdn/media/anime/cover/large/bx148109-cwAINDGwAHB2.jpg
yuusha-party-wo-tsuihou-sareta-beast-tamer-saikyoushu-no-nekomimi-shoujo-to-deau,"Yuusha Party wo Tsuihou sareta Beast Tamer,anime,anilist,ok,https://s4.anilist.co/file/anilistcdn/media/anime/cover/large/bx150695-UOQF6Zz2iCTX.jpg
yuzuki-san-chi-no-yonkyoudai,Yuzuki-san Chi no Yonkyoudai,anime,anilist,ok,https://s4.anilist.co/file/anilistcdn/media/anime/cover/large/bx164312-3eLpxsRk5COE.jpg
zom-100-zombie-ni-naru-made-ni-shitai-100-no-koto,Zom 100: Zombie ni Naru made ni Shitai 100 no Koto,anime,anilist,ok,https://s4.anilist.co/file/anilistcdn/media/anime/cover/large/bx159831-cJUNqCqzuApc.png
zuihou-de-zhaohuan-shi,Zuihou de Zhaohuan Shi,anime,anilist,ok,https://s4.anilist.co/file/anilistcdn/media/anime/cover/large/bx114108-Qe5wwJQr5H4O.jpg
