id,name,type,year,source,image_url
16bit-sensation-another-layer,16bit Sensation: Another Layer,anime,,witanime,
4-nin-wa-sorezore-uso-wo-tsuku,4-nin wa Sorezore Uso wo Tsuku,anime,,witanime,
a3-season-autumn-winter,A3! Season Autumn & Winter,anime,,witanime,
ai-no-idenshi,AI no Idenshi,anime,,witanime,
akiba-maid-sensou,Akiba Maid Sensou,anime,,witanime,
akuyaku-reijou-nanode-last-boss-wo-kattemimashita,Akuyaku Reijou nanode Last Boss wo Kattemimashita,anime,,witanime,
ao-no-orchestra,Ao no Orchestra,anime,,witanime,
ars-no-kyojuu,Ars no Kyojuu,anime,,witanime,
ayaka,Ayaka,anime,,witanime,
b-the-beginning,B: The Beginning,anime,,witanime,
baki,Baki,anime,,witanime,
ballroom-e-youkoso,Ballroom e Youkoso,anime,,witanime,
bang-dream-it-s-mygo,BanG Dream! It's MyGO!!!!!,anime,,witanime,
benriya-saitou-san-isekai-ni-iku,"Benriya Saitou-san, Isekai ni Iku",anime,,witanime,
berserk-ougon-jidai-hen-memorial-edition,Berserk: Ougon Jidai-hen - Memorial Edition,anime,,witanime,
berserk-ougon-jidai-hen-i-haou-no-tamago,Berserk: Ougon Jidai-hen I - Haou no Tamago,anime,,witanime,
berserk-ougon-jidai-hen-ii-doldrey-kouryaku,Berserk: Ougon Jidai-hen II - Doldrey Kouryaku,anime,,witanime,
berserk-ougon-jidai-hen-iii-kourin,Berserk: Ougon Jidai-hen III - Kourin,anime,,witanime,
birdie-wing-golf-girls-story,Birdie Wing: Golf Girls' Story,anime,,witanime,
birdie-wing-golf-girls-story-season-2,Birdie Wing: Golf Girls' Story Season 2,anime,,witanime,
black-clover,Black Clover,anime,,witanime,
black-lagoon-roberta-s-blood-trail,Black Lagoon: Roberta's Blood Trail,anime,,witanime,
blade-soul,Blade & Soul,anime,,witanime,
bleach,Bleach,anime,,witanime,
bleach-sennen-kessen-hen,Bleach: Sennen Kessen-hen,anime,,witanime,
bocchi-the-rock,Bocchi the Rock!,anime,,witanime,
boku-no-hero-academia-2nd-season-hero-note,Boku no Hero Academia 2nd Season: Hero Note,anime,,witanime,
boku-no-hero-academia-the-movie-3-world-heroes-mission,Boku no Hero Academia the Movie 3: World Heroes' Mission,anime,,witanime,
boku-no-hero-academia-ikinokore-kesshi-no-survival-kunren,Boku no Hero Academia: Ikinokore! Kesshi no Survival Kunren,anime,,witanime,
boku-no-hero-academia-sukue-kyuujo-kunren,Boku no Hero Academia: Sukue! Kyuujo Kunren!,anime,,witanime,
boku-no-hero-academia-training-of-the-dead,Boku no Hero Academia: Training of the Dead,anime,,witanime,
bokura-no-ameiro-protocol,Bokura no Ameiro Protocol,anime,,witanime,
boruto-naruto-next-generations,Boruto: Naruto Next Generations,anime,,witanime,
boukensha-ni-naritai-to-miyako-ni-deteitta-musume-ga-s-rank-ni-natteta,Boukensha ni Naritai to Miyako ni Deteitta Musume ga S-Rank ni Natteta,anime,,witanime,
boushoku-no-berserk,Boushoku no Berserk,anime,,witanime,
buddy-daddies,Buddy Daddies,anime,,witanime,
bullbuster,Bullbuster,anime,,witanime,
buta-no-liver-wa-kanetsu-shiro,Buta no Liver wa Kanetsu Shiro,anime,,witanime,
cardfight-vanguard-will-dress,Cardfight!! Vanguard: will+Dress,anime,,witanime,
code-geass-boukoku-no-akito-5-itoshiki-mono-tachi-e,Code Geass: Boukoku no Akito 5 - Itoshiki Mono-tachi e,anime,,witanime,
code-geass-hangyaku-no-lelouch-r2,Code Geass: Hangyaku no Lelouch R2,anime,,witanime,
cool-doji-danshi,Cool Doji Danshi,anime,,witanime,
cyberpunk-edgerunners,Cyberpunk: Edgerunners,anime,,witanime,
dark-gathering,Dark gathering,anime,,witanime,
darwin-s-game,Darwin's Game,anime,,witanime,
deep-insanity-the-lost-child,Deep Insanity: The Lost Child,anime,,witanime,
dekiru-neko-wa-kyou-mo-yuuutsu,Dekiru Neko wa Kyou mo Yuuutsu,anime,,witanime,
dekoboko-majo-no-oyako-jijou,Dekoboko Majo no Oyako Jijou,anime,,witanime,
demi-chan-wa-kataritai,Demi-chan wa Kataritai,anime,,witanime,
dies-irae-to-the-ring-reincarnation,Dies Irae: To the Ring Reincarnation,anime,,witanime,
digimon-adventure,Digimon Adventure,anime,,witanime,
digimon-ghost-game,Digimon Ghost Game,anime,,witanime,
do-it-yourself,Do It Yourself!!,anime,,witanime,
dogeza-de-tanondemita,Dogeza de Tanondemita,anime,,witanime,
dokyuu-hentai-hxeros,Dokyuu Hentai HxEros,anime,,witanime,
dokyuu-hentai-hxeros-ova,Dokyuu Hentai HxEros OVA,anime,,witanime,
dota-dragon-s-blood,DOTA: Dragon’s Blood,anime,,witanime,
dragon-ball-z,Dragon Ball Z,anime,,witanime,
dragon-quest-dai-no-daibouken-2020-2,Dragon Quest: Dai no Daibouken (2020),anime,,witanime,
dragon-quest-dai-no-daibouken-2020-recap,Dragon Quest: Dai no Daibouken (2020) Recap,anime,,witanime,
dragon-ie-wo-kau,"Dragon, Ie wo Kau",anime,,witanime,
dragon-s-dogma,Dragon's Dogma,anime,,witanime,
edomae-elf,Edomae Elf,anime,,witanime,
eiyuu-kyoushitsu,Eiyuu Kyoushitsu,anime,,witanime,
fairy-tail-2014-2,Fairy Tail (2014),anime,,witanime,
fairy-tail-movie-1-houou-no-miko-hajimari-no-asa,Fairy Tail Movie 1: Houou no Miko - Hajimari no Asa,anime,,witanime,
fairy-tail-ova-2016,Fairy Tail OVA (2016),anime,,witanime,
fairy-tail-x-rave,Fairy Tail x Rave,anime,,witanime,
fate-grand-order-shinsei-entaku-ryouiki-camelot-1-wandering-agateram,Fate/Grand Order: Shinsei Entaku Ryouiki Camelot 1 - Wandering; Agateram,anime,,witanime,
fate-grand-order-shinsei-entaku-ryouiki-camelot-2-paladin-agateram,Fate/Grand Order: Shinsei Entaku Ryouiki Camelot 2 - Paladin; Agateram,anime,,witanime,
fate-grand-order-shuukyoku-tokuiten-kani-jikan-shinden-solomon,Fate/Grand Order: Shuukyoku Tokuiten - Kani Jikan Shinden Solomon,anime,,witanime,
fate-stay-night-movie-heaven-s-feel-i-presage-flower,Fate/stay night Movie: Heaven's Feel - I. Presage Flower,anime,,witanime,
fate-stay-night-movie-heaven-s-feel-ii-lost-butterfly,Fate/stay night Movie: Heaven's Feel - II. Lost Butterfly,anime,,witanime,
fate-stay-night-movie-heaven-s-feel-iii-spring-song,Fate/stay night Movie: Heaven's Feel - III. Spring Song,anime,,witanime,
futsal-boys,Futsal Boys!!!!!,anime,,witanime,
fuufu-ijou-koibito-miman,"Fuufu Ijou, Koibito Miman",anime,,witanime,
fuuka,Fuuka,anime,,witanime,
gangsta,Gangsta,anime,,witanime,
genjitsu-no-yohane-sunshine-in-the-mirror,Genjitsu no Yohane: Sunshine in the Mirror,anime,,witanime,
gibiate,Gibiate,anime,,witanime,
gintama-enchousen,Gintama': Enchousen,anime,,witanime,
gintama-futon-ni-haitte-kara-buki-nokoshi-ni-kizuite-neru-ni-nerenai-toki-mo-aru,Gintama': Futon ni Haitte kara Buki Nokoshi ni Kizuite Neru ni Nerenai Toki mo Aru,anime,,witanime,
goblin-slayer,Goblin Slayer,anime,,witanime,
goblin-slayer-goblin-s-crown,Goblin Slayer: Goblin's Crown,anime,,witanime,
good-night-world,Good Night World,anime,,witanime,
gotoubun-no-hanayome-2024-2,Gotoubun no Hanayome 2024,anime,,witanime,
gyakuten-sekai-no-denchi-shoujo,Gyakuten Sekai no Denchi Shoujo,anime,,witanime,
hajime-no-ippo,Hajime no Ippo,anime,,witanime,
hajimete-no-gal,Hajimete no Gal,anime,,witanime,
hajimete-no-gal-hajimete-no-bunkasai,Hajimete no Gal: Hajimete no Bunkasai,anime,,witanime,
hakuouki-ova-2021-2,Hakuouki OVA (2021),anime,,witanime,
hametsu-no-oukoku,Hametsu no Oukoku,anime,,witanime,
helck,Helck,anime,,witanime,
higurashi-no-naku-koro-ni-2020-2,Higurashi no Naku Koro ni (2020),anime,,witanime,
hirogaru-sky-precure,Hirogaru Sky! Precure,anime,,witanime,
horimiya-piece,Horimiya: Piece,anime,,witanime,
hoshi-no-samidare,Hoshi no Samidare,anime,,witanime,
human-bug-daigaku,Human Bug Daigaku,anime,,witanime,
hunter-x-hunter-2011,Hunter x Hunter (2011),anime,,witanime,
hyouken-no-majutsushi-ga-sekai-wo-suberu,Hyouken no Majutsushi ga Sekai wo Suberu,anime,,witanime,
hypnosis-mic-division-rap-battle-rhyme-anima,Hypnosis Mic: Division Rap Battle - Rhyme Anima,anime,,witanime,
ijiranaide-nagatoro-san,"Ijiranaide, Nagatoro-san",anime,,witanime,
isekai-nonbiri-nouka,Isekai Nonbiri Nouka,anime,,witanime,
isekai-ojisan,Isekai Ojisan,anime,,witanime,
isekai-one-turn-kill-neesan-ane-douhan-no-isekai-seikatsu-hajimemashita,Isekai One Turn Kill Neesan: Ane Douhan no Isekai Seikatsu Hajimemashita,anime,,witanime,
isekai-shoukan-wa-nidome-desu,Isekai Shoukan wa Nidome desu,anime,,witanime,
isekai-wa-smartphone-to-tomo-ni,Isekai wa Smartphone to Tomo ni,anime,,witanime,
itai-no-wa-iya-nano-de-bougyoryoku-ni-kyokufuri-shitai-to-omoimasu,Itai no wa Iya nano de Bougyoryoku ni Kyokufuri Shitai to Omoimasu,anime,,witanime,
itou-junji-maniac,Itou Junji: Maniac,anime,,witanime,
jaku-chara-tomozaki-kun-specials,Jaku-Chara Tomozaki-kun Specials,anime,,witanime,
jigoku-sensei-nube-2025-2,Jigoku Sensei Nube (2025),anime,,witanime,
jitsu-wa-ore-saikyou-deshita,"Jitsu wa Ore, Saikyou deshita?",anime,,witanime,
journey-taiko-arabia-hantou-de-no-kiseki-to-tatakai-no-monogatari-ومدبلج,Journey: Taiko Arabia Hantou de no Kiseki to Tatakai no Monogatari ومدبلج,anime,,witanime,
k-project,K-Project,anime,,witanime,
k-return-of-kings,K: Return of Kings,anime,,witanime,
k-seven-stories-movie-1-r-b-blaze,K: Seven Stories Movie 1 - R:B - Blaze,anime,,witanime,
k-seven-stories-movie-2-side-blue-tenrou-no-gotoku,K: Seven Stories Movie 2 - Side:Blue - Tenrou no Gotoku,anime,,witanime,
k-seven-stories-movie-3-side-green-uwagaki-sekai,K: Seven Stories Movie 3 - Side:Green - Uwagaki Sekai,anime,,witanime,
kaifuku-jutsushi-no-yarinaoshi,Kaifuku Jutsushi no Yarinaoshi,anime,,witanime,
kakegurui-twin,Kakegurui Twin,anime,,witanime,
kaminaki-sekai-no-kamisama-katsudou,Kaminaki Sekai no Kamisama Katsudou,anime,,witanime,
kanata-no-astra,Kanata no Astra,anime,,witanime,
kanojo-ga-koushaku-tei-ni-itta-riyuu,Kanojo ga Koushaku-tei ni Itta Riyuu,anime,,witanime,
kawagoe-boys-sing,Kawagoe Boys Sing,anime,,witanime,
kawaisugi-crisis,Kawaisugi Crisis,anime,,witanime,
keikenzumi-na-kimi-to-keiken-zero-na-ore-ga-otsukiai-suru-hanashi,"Keikenzumi na Kimi to, Keiken Zero na Ore ga, Otsukiai suru Hanashi",anime,,witanime,
kekkai-sensen-beyond,Kekkai Sensen & Beyond,anime,,witanime,
kenpuu-denki-berserk-berserk-1997-2,Kenpuu Denki Berserk (Berserk 1997),anime,,witanime,
kibou-no-chikara-otona-precure-23,Kibou no Chikara: Otona Precure '23,anime,,witanime,
kikansha-no-mahou-wa-tokubetsu-desu,Kikansha no Mahou wa Tokubetsu desu,anime,,witanime,
king-s-raid-ishi-wo-tsugumono-tachi,King's Raid: Ishi wo Tsugumono-tachi,anime,,witanime,
kizumonogatari-i-tekketsu-hen,Kizumonogatari I: Tekketsu-hen,anime,,witanime,
kizumonogatari-ii-nekketsu-hen,Kizumonogatari II: Nekketsu-hen,anime,,witanime,
kizumonogatari-iii-reiketsu-hen,Kizumonogatari III: Reiketsu-hen,anime,,witanime,
kono-subarashii-sekai-ni-bakuen-wo,Kono Subarashii Sekai ni Bakuen wo!,anime,,witanime,
kono-subarashii-sekai-ni-shukufuku-wo-2,Kono Subarashii Sekai ni Shukufuku wo! 2,anime,,witanime,
kono-subarashii-sekai-ni-shukufuku-wo-2-kono-subarashii-geijutsu-ni-shukufuku-wo,Kono Subarashii Sekai ni Shukufuku wo! 2: Kono Subarashii Geijutsu ni Shukufuku wo!,anime,,witanime,
kono-subarashii-sekai-ni-shukufuku-wo-kono-subarashii-choker-ni-shukufuku-wo,Kono Subarashii Sekai ni Shukufuku wo!: Kono Subarashii Choker ni Shukufuku wo!,anime,,witanime,
konyaku-haki-sareta-reijou-wo-hirotta-ore-ga-ikenai-koto-wo-oshiekomu,"Konyaku Haki sareta Reijou wo Hirotta Ore ga, Ikenai Koto wo Oshiekomu",anime,,witanime,
koori-zokusei-danshi-to-cool-na-douryou-joshi,Koori Zokusei Danshi to Cool na Douryou Joshi,anime,,witanime,
koukyuu-no-karasu,Koukyuu no Karasu,anime,,witanime,
kubo-san-wa-mob-wo-yurusanai,Kubo-san wa Mob wo Yurusanai,anime,,witanime,
kuma-kuma-kuma-bear,Kuma Kuma Kuma Bear,anime,,witanime,
kyoukai-no-kanata-movie-1-i-ll-be-here-kako-hen,Kyoukai no Kanata Movie 1: I'll Be Here - Kako-hen,anime,,witanime,
kyoukai-no-kanata-movie-2-i-ll-be-here-mirai-hen,Kyoukai no Kanata Movie 2: I'll Be Here - Mirai-hen,anime,,witanime,
kyuuketsuki-sugu-shinu,Kyuuketsuki Sugu Shinu,anime,,witanime,
lets-play-quest-darake-no-my-life-2,Lets Play Quest-darake no My Life,anime,,witanime,
level-1-dakedo-unique-skill-de-saikyou-desu,Level 1 dakedo Unique Skill de Saikyou desu,anime,,witanime,
liar-liar,Liar Liar,anime,,witanime,
lookism,Lookism,anime,,witanime,
lupin-zero,Lupin Zero,anime,,witanime,
mahou-shoujo-magical-destroyers,Mahou Shoujo Magical Destroyers,anime,,witanime,
mahouka-koukou-no-rettousei-movie-hoshi-wo-yobu-shoujo,Mahouka Koukou no Rettousei Movie: Hoshi wo Yobu Shoujo,anime,,witanime,
mahouka-koukou-no-rettousei-tsuioku-hen,Mahouka Koukou no Rettousei: Tsuioku-hen,anime,,witanime,
maken-ki,Maken-Ki!,anime,,witanime,
maken-ki-two,Maken-Ki! Two,anime,,witanime,
masou-gakuen-hxh,Masou Gakuen HxH,anime,,witanime,
megumi-no-daigo-kyuukoku-no-orange,Megumi no Daigo: Kyuukoku no Orange,anime,,witanime,
meitantei-conan-hannin-no-hanzawa-san,Meitantei Conan: Hannin no Hanzawa-san,anime,,witanime,
migi-to-dali,Migi to Dali,anime,,witanime,
mix-meisei-story,Mix: Meisei Story,anime,,witanime,
mob-psycho-100,Mob Psycho 100,anime,,witanime,
mobile-suit-gundam-hathaway-s-flash,Mobile Suit Gundam: Hathaway's Flash,anime,,witanime,
monogatari-series-second-season,Monogatari Series: Second Season,anime,,witanime,
monster-musume-no-iru-nichijou,Monster Musume no Iru Nichijou,anime,,witanime,
mou-ippon,Mou Ippon!,anime,,witanime,
mushikaburi-hime,Mushikaburi-hime,anime,,witanime,
nanatsu-no-maken-ga-shihai-suru,Nanatsu no Maken ga Shihai suru,anime,,witanime,
nanatsu-no-taizai-seisen-no-shirushi,Nanatsu no Taizai: Seisen no Shirushi,anime,,witanime,
nande-koko-ni-sensei-ga,Nande Koko ni Sensei ga!?,anime,,witanime,
naruto,Naruto,anime,,witanime,
naruto-shippuuden,Naruto: Shippuuden,anime,,witanime,
nekomonogatari-kuro,Nekomonogatari: Kuro,anime,,witanime,
new-game,New Game!,anime,,witanime,
new-game-watashi-shain-ryokou-tte-hajimete-nano-de,"New Game! Watashi, Shain Ryokou tte Hajimete nano de",anime,,witanime,
niehime-to-kemono-no-ou,Niehime to Kemono no Ou,anime,,witanime,
nihon-chinbotsu-2020-2,Nihon Chinbotsu 2020,anime,,witanime,
ningen-fushin-no-boukensha-tachi-ga-sekai-wo-sukuu-you-desu,Ningen Fushin no Boukensha-tachi ga Sekai wo Sukuu you desu,anime,,witanime,
nisemonogatari,Nisemonogatari,anime,,witanime,
nokemono-tachi-no-yoru,Nokemono-tachi no Yoru,anime,,witanime,
noumin-kanren-no-skill-bakka-agetetara-nazeka-tsuyoku-natta,Noumin Kanren no Skill bakka Agetetara Nazeka Tsuyoku Natta,anime,,witanime,
ojou-to-banken-kun,Ojou to Banken-kun,anime,,witanime,
okashi-na-tensei,Okashi na Tensei,anime,,witanime,
ooyukiumi-no-kaina,Ooyukiumi no Kaina,anime,,witanime,
otonari-ni-ginga,Otonari ni Ginga,anime,,witanime,
ousama-game-the-animation,Ousama Game The Animation,anime,,witanime,
ousama-ranking-yuuki-no-takarabako,Ousama Ranking: Yuuki no Takarabako,anime,,witanime,
overtake,Overtake!,anime,,witanime,
owarimonogatari,Owarimonogatari,anime,,witanime,
owarimonogatari-2nd-season,Owarimonogatari 2nd Season,anime,,witanime,
peter-grill-to-kenja-no-jikan,Peter Grill to Kenja no Jikan,anime,,witanime,
pluto,Pluto,anime,,witanime,
potion-danomi-de-ikinobimasu,Potion-danomi de Ikinobimasu!,anime,,witanime,
psycho-pass-2,Psycho-Pass 2,anime,,witanime,
psycho-pass-3,Psycho-Pass 3,anime,,witanime,
ragna-crimson,Ragna Crimson,anime,,witanime,
ranma1-2-2024-2,Ranma1/2 (2024),anime,,witanime,
renai-flops,Renai Flops,anime,,witanime,
revenger,Revenger,anime,,witanime,
rokudou-no-onna-tachi,Rokudou no Onna-tachi,anime,,witanime,
romantic-killer,Romantic Killer,anime,,witanime,
rurouni-kenshin-meiji-kenkaku-romantan-2023,Rurouni Kenshin: Meiji Kenkaku Romantan (2023),anime,,witanime,
ryza-no-atelier-tokoyami-no-joou-to-himitsu-no-kakurega,Ryza no Atelier: Tokoyami no Joou to Himitsu no Kakurega,anime,,witanime,
sabikui-bisco,Sabikui Bisco,anime,,witanime,
saihate-no-paladin,Saihate no Paladin,anime,,witanime,
saikyou-onmyouji-no-isekai-tenseiki,Saikyou Onmyouji no Isekai Tenseiki,anime,,witanime,
sakura-sou-no-pet-na-kanojo,Sakura-sou no Pet na Kanojo,anime,,witanime,
seija-musou-salaryman-isekai-de-ikinokoru-tame-ni-ayumu-michi,"Seija Musou: Salaryman, Isekai de Ikinokoru Tame ni Ayumu Michi",anime,,witanime,
seiken-densetsu-legend-of-mana-the-teardrop-crystal,Seiken Densetsu: Legend of Mana - The Teardrop Crystal,anime,,witanime,
seiken-gakuin-no-makentsukai,Seiken Gakuin no Makentsukai,anime,,witanime,
seishun-buta-yarou-wa-odekake-sister-no-yume-wo-minai,Seishun Buta Yarou wa Odekake Sister no Yume wo Minai,anime,,witanime,
sekirei,Sekirei,anime,,witanime,
sekirei-hajimete-no-otsukai,Sekirei: Hajimete no Otsukai,anime,,witanime,
sekirei-pure-engagement,Sekirei: Pure Engagement,anime,,witanime,
shadowverse-flame,Shadowverse Flame,anime,,witanime,
shaman-king-2021-2,Shaman King (2021),anime,,witanime,
shingeki-no-kyojin-lost-girls,Shingeki no Kyojin: Lost Girls,anime,,witanime,
shinkalion-change-the-world,Shinkalion: Change the World,anime,,witanime,
shinmai-maou-no-testament,Shinmai Maou no Testament,anime,,witanime,
shinmai-maou-no-testament-burst,Shinmai Maou no Testament Burst,anime,,witanime,
shinmai-maou-no-testament-burst-toujou-basara-no-shigoku-heiwa-na-nichijou,Shinmai Maou no Testament Burst: Toujou Basara no Shigoku Heiwa na Nichijou,anime,,witanime,
shinmai-maou-no-testament-departures,Shinmai Maou no Testament Departures,anime,,witanime,
shinmai-maou-no-testament-toujou-basara-no-hard-sweet-na-nichijou,Shinmai Maou no Testament: Toujou Basara no Hard Sweet na Nichijou,anime,,witanime,
shinmai-renkinjutsushi-no-tenpo-keiei,Shinmai Renkinjutsushi no Tenpo Keiei,anime,,witanime,
shinobi-no-ittoki,Shinobi no Ittoki,anime,,witanime,
shiro-seijo-to-kuro-bokushi,Shiro Seijo to Kuro Bokushi,anime,,witanime,
show-by-rock-stars,Show by Rock!! Stars!!,anime,,witanime,
shuumatsu-no-walkure,Shuumatsu no Walküre,anime,,witanime,
sin-nanatsu-no-taizai,Sin: Nanatsu no Taizai,anime,,witanime,
skip-to-loafer,Skip to Loafer,anime,,witanime,
spriggan,Spriggan,anime,,witanime,
spy-kyoushitsu,Spy Kyoushitsu,anime,,witanime,
suki-na-ko-ga-megane-wo-wasureta,Suki na Ko ga Megane wo Wasureta,anime,,witanime,
super-dragon-ball-heroes,Super Dragon Ball Heroes,anime,,witanime,
sword-art-online-2,Sword Art Online,anime,,witanime,
sword-art-online-alternative-gun-gale-online-2,Sword Art Online Alternative: Gun Gale Online,anime,,witanime,
sword-art-online-alternative-gun-gale-online-ii-2,Sword Art Online Alternative: Gun Gale Online II,anime,,witanime,
sword-art-online-ii-2,Sword Art Online II,anime,,witanime,
sword-art-online-movie-ordinal-scale,Sword Art Online Movie: Ordinal Scale,anime,,witanime,
sword-art-online-alicization-2,Sword Art Online: Alicization,anime,,witanime,
sword-art-online-alicization-war-of-underworld-2,Sword Art Online: Alicization - War of Underworld,anime,,witanime,
sword-art-online-alicization-war-of-underworld-2nd-season-2,Sword Art Online: Alicization - War of Underworld 2nd Season,anime,,witanime,
sword-art-online-extra-edition,Sword Art Online: Extra Edition,anime,,witanime,
sword-art-online-progressive-movie-hoshi-naki-yoru-no-aria,Sword Art Online: Progressive Movie - Hoshi Naki Yoru no Aria,anime,,witanime,
sword-art-online-progressive-movie-kuraki-yuuyami-no-scherzo,Sword Art Online: Progressive Movie - Kuraki Yuuyami no Scherzo,anime,,witanime,
taisou-zamurai,Taisou Zamurai,anime,,witanime,
tales-of-zestiria-the-x,Tales of Zestiria the X,anime,,witanime,
tales-of-zestiria-the-x-2nd-season,Tales of Zestiria The X 2nd Season,anime,,witanime,
tearmoon-teikoku-monogatari-dantoudai-kara-hajimaru-hime-no-tensei-gyakuten-stor,"Tearmoon Teikoku Monogatari: Dantoudai kara Hajimaru, Hime no Tensei Gyakuten Story",anime,,witanime,
technoroid-overmind,Technoroid: Overmind,anime,,witanime,
tengoku-daimakyou,Tengoku Daimakyou,anime,,witanime,
tensei-kizoku-no-isekai-boukenroku-jichou-wo-shiranai-kamigami-no-shito,Tensei Kizoku no Isekai Boukenroku: Jichou wo Shiranai Kamigami no Shito,anime,,witanime,
tensei-oujo-to-tensai-reijou-no-mahou-kakumei,Tensei Oujo to Tensai Reijou no Mahou Kakumei,anime,,witanime,
tensei-shitara-ken-deshita,Tensei shitara Ken Deshita,anime,,witanime,
teppen,Teppen!!!!!!!!!!!!!!!,anime,,witanime,
tesla-note,Tesla Note,anime,,witanime,
the-idolm-ster-cinderella-girls-u149,The IDOLM@STER Cinderella Girls: U149,anime,,witanime,
the-idolm-ster-million-live,The iDOLM@STER Million Live!,anime,,witanime,
the-legend-of-heroes-sen-no-kiseki-northern-war,The Legend of Heroes: Sen no Kiseki - Northern War,anime,,witanime,
the-marginal-service,The Marginal Service,anime,,witanime,
thermae-romae-novae,Thermae Romae Novae,anime,,witanime,
toaru-kagaku-no-railgun-t,Toaru Kagaku no Railgun T,anime,,witanime,
toaru-ossan-no-vrmmo-katsudouki,Toaru Ossan no VRMMO Katsudouki,anime,,witanime,
tokyo-mew-mew-new,Tokyo Mew Mew New ♡,anime,,witanime,
tokyo-revengers,Tokyo Revengers,anime,,witanime,
tomo-chan-wa-onnanoko,Tomo-chan wa Onnanoko!,anime,,witanime,
totsukuni-no-shoujo-2022,Totsukuni no Shoujo (2022),anime,,witanime,
triage-x,Triage X,anime,,witanime,
triage-x-recollection-xoxo,Triage X: Recollection XOXO,anime,,witanime,
trigun-stampede,Trigun Stampede,anime,,witanime,
tsukimonogatari,Tsukimonogatari,anime,,witanime,
tsundere-akuyaku-reijou-liselotte-to-jikkyou-no-endou-kun-to-kaisetsu-no-kobayas,Tsundere Akuyaku Reijou Liselotte to Jikkyou no Endou-kun to Kaisetsu no Kobayashi-san,anime,,witanime,
uchi-no-kaisha-no-chiisai-senpai-no-hanashi,Uchi no Kaisha no Chiisai Senpai no Hanashi,anime,,witanime,
uchi-no-shishou-wa-shippo-ga-nai,Uchi no Shishou wa Shippo ga Nai,anime,,witanime,
undead-girl-murder-farce,Undead Girl Murder Farce,anime,,witanime,
undead-unluck,Undead Unluck,anime,,witanime,
under-ninja,Under Ninja,anime,,witanime,
uniteup,UniteUp!,anime,,witanime,
urusei-yatsura-2022,Urusei Yatsura (2022),anime,,witanime,
utawarerumono-futari-no-hakuoro,Utawarerumono: Futari no Hakuoro,anime,,witanime,
vampire-hunter-d-2000,Vampire Hunter D (2000),anime,,witanime,
vampire-in-the-garden,Vampire in the Garden,anime,,witanime,
vazzrock-the-animation,Vazzrock The Animation,anime,,witanime,
vivy-fluorite-eye-s-song,Vivy: Fluorite Eye's Song,anime,,witanime,
vlad-love,Vlad Love,anime,,witanime,
world-dai-star,World Dai Star,anime,,witanime,
yamada-kun-to-lv999-no-koi-wo-suru,Yamada-kun to Lv999 no Koi wo Suru,anime,,witanime,
yosuga-no-sora-in-solitude-where-we-are-least-alone,"Yosuga no Sora: In Solitude, Where We Are Least Alone",anime,,witanime,
yumemiru-danshi-wa-genjitsushugisha,Yumemiru Danshi wa Genjitsushugisha,anime,,witanime,
yuu-yuu-hakusho,Yuu☆Yuu☆Hakusho,anime,,witanime,
yuusha-ga-shinda,Yuusha ga Shinda!,anime,,witanime,
yuusha-party-wo-tsuihou-sareta-beast-tamer-saikyoushu-no-nekomimi-shoujo-to-deau,"Yuusha Party wo Tsuihou sareta Beast Tamer, Saikyoushu no Nekomimi Shoujo to Deau",anime,,witanime,
yuzuki-san-chi-no-yonkyoudai,Yuzuki-san Chi no Yonkyoudai,anime,,witanime,
zom-100-zombie-ni-naru-made-ni-shitai-100-no-koto,Zom 100: Zombie ni Naru made ni Shitai 100 no Koto,anime,,witanime,
zuihou-de-zhaohuan-shi,Zuihou de Zhaohuan Shi,anime,,witanime,
