id,name,type,year
16bit-sensation-another-layer,"16bit Sensation: Another Layer",anime,
4-nin-wa-sorezore-uso-wo-tsuku,"4-nin wa Sorezore Uso wo Tsuku",anime,
a3-season-autumn-winter,"A3! Season Autumn & Winter",anime,
digimon-adventure,"Digimon Adventure",anime,
ai-no-idenshi,"AI no Idenshi",anime,
akiba-maid-sensou,"Akiba Maid Sensou",anime,
akuyaku-reijou-nanode-last-boss-wo-kattemimashita,"Akuyaku Reijou nanode Last Boss wo Kattemimashita",anime,
ao-no-orchestra,"Ao no Orchestra",anime,
ars-no-kyojuu,"Ars no Kyojuu",anime,
ayaka,"Ayaka",anime,
b-the-beginning,"B: The Beginning",anime,
baki,"Baki",anime,
bang-dream-it-s-mygo,"BanG Dream! It's MyGO!!!!!",anime,
ballroom-e-youkoso,"Ballroom e Youkoso",anime,
berserk-ougon-jidai-hen-i-haou-no-tamago,"Berserk: Ougon Jidai-hen I - Haou no Tamago",anime,
berserk-ougon-jidai-hen-ii-doldrey-kouryaku,"Berserk: Ougon Jidai-hen II - Doldrey Kouryaku",anime,
benriya-saitou-san-isekai-ni-iku,"Benriya Saitou-san, Isekai ni Iku",anime,
berserk-ougon-jidai-hen-iii-kourin,"Berserk: Ougon Jidai-hen III - Kourin",anime,
berserk-ougon-jidai-hen-memorial-edition,"Berserk: Ougon Jidai-hen - Memorial Edition",anime,
birdie-wing-golf-girls-story-season-2,"Birdie Wing: Golf Girls' Story Season 2",anime,
birdie-wing-golf-girls-story,"Birdie Wing: Golf Girls' Story",anime,
black-lagoon-roberta-s-blood-trail,"Black Lagoon: Roberta's Blood Trail",anime,
blade-soul,"Blade & Soul",anime,
bleach-sennen-kessen-hen,"Bleach: Sennen Kessen-hen",anime,
bocchi-the-rock,"Bocchi the Rock!",anime,
boku-no-hero-academia-2nd-season-hero-note,"Boku no Hero Academia 2nd Season: Hero Note",anime,
boku-no-hero-academia-the-movie-3-world-heroes-mission,"Boku no Hero Academia the Movie 3: World Heroes' Mission",anime,
boku-no-hero-academia-ikinokore-kesshi-no-survival-kunren,"Boku no Hero Academia: Ikinokore! Kesshi no Survival Kunren",anime,
boku-no-hero-academia-sukue-kyuujo-kunren,"Boku no Hero Academia: Sukue! Kyuujo Kunren!",anime,
boku-no-hero-academia-training-of-the-dead,"Boku no Hero Academia: Training of the Dead",anime,
bokura-no-ameiro-protocol,"Bokura no Ameiro Protocol",anime,
boukensha-ni-naritai-to-miyako-ni-deteitta-musume-ga-s-rank-ni-natteta,"Boukensha ni Naritai to Miyako ni Deteitta Musume ga S-Rank ni Natteta",anime,
boushoku-no-berserk,"Boushoku no Berserk",anime,
buddy-daddies,"Buddy Daddies",anime,
bullbuster,"Bullbuster",anime,
black-clover,"Black Clover",anime,
busou-shoujo-machiavellianism-doki-goken-darake-no-ian-ryokou,"Busou Shoujo Machiavellianism: Doki! ""Goken-darake"" no Ian Ryokou",anime,
buta-no-liver-wa-kanetsu-shiro,"Buta no Liver wa Kanetsu Shiro",anime,
cardfight-vanguard-will-dress,"Cardfight!! Vanguard: will+Dress",anime,
bleach,"Bleach",anime,
code-geass-boukoku-no-akito-5-itoshiki-mono-tachi-e,"Code Geass: Boukoku no Akito 5 - Itoshiki Mono-tachi e",anime,
code-geass-hangyaku-no-lelouch-r2,"Code Geass: Hangyaku no Lelouch R2",anime,
cool-doji-danshi,"Cool Doji Danshi",anime,
cyberpunk-edgerunners,"Cyberpunk: Edgerunners",anime,
dark-gathering,"Dark gathering",anime,
darwin-s-game,"Darwin's Game",anime,
deep-insanity-the-lost-child,"Deep Insanity: The Lost Child",anime,
dekiru-neko-wa-kyou-mo-yuuutsu,"Dekiru Neko wa Kyou mo Yuuutsu",anime,
dekoboko-majo-no-oyako-jijou,"Dekoboko Majo no Oyako Jijou",anime,
demi-chan-wa-kataritai,"Demi-chan wa Kataritai",anime,
dies-irae-to-the-ring-reincarnation,"Dies Irae: To the Ring Reincarnation",anime,
dogeza-de-tanondemita,"Dogeza de Tanondemita",anime,
dokyuu-hentai-hxeros-ova,"Dokyuu Hentai HxEros OVA",anime,
do-it-yourself,"Do It Yourself!!",anime,
dokyuu-hentai-hxeros,"Dokyuu Hentai HxEros",anime,
dota-dragon-s-blood,"DOTA: Dragon’s Blood",anime,
boruto-naruto-next-generations,"Boruto: Naruto Next Generations",anime,
digimon-ghost-game,"Digimon Ghost Game",anime,
dragon-quest-dai-no-daibouken-2020-recap,"Dragon Quest: Dai no Daibouken (2020) Recap",anime,
dragon-ie-wo-kau,"Dragon, Ie wo Kau",anime,
dragon-s-dogma,"Dragon's Dogma",anime,
dragon-quest-dai-no-daibouken-2020-2,"Dragon Quest: Dai no Daibouken (2020)",anime,
edomae-elf,"Edomae Elf",anime,
eiyuu-kyoushitsu,"Eiyuu Kyoushitsu",anime,
fairy-tail-movie-1-houou-no-miko-hajimari-no-asa,"Fairy Tail Movie 1: Houou no Miko - Hajimari no Asa",anime,
fairy-tail-ova-2016,"Fairy Tail OVA (2016)",anime,
fairy-tail-x-rave,"Fairy Tail x Rave",anime,
fate-grand-order-shinsei-entaku-ryouiki-camelot-1-wandering-agateram,"Fate/Grand Order: Shinsei Entaku Ryouiki Camelot 1 - Wandering; Agateram",anime,
fate-grand-order-shinsei-entaku-ryouiki-camelot-2-paladin-agateram,"Fate/Grand Order: Shinsei Entaku Ryouiki Camelot 2 - Paladin; Agateram",anime,
fate-grand-order-shuukyoku-tokuiten-kani-jikan-shinden-solomon,"Fate/Grand Order: Shuukyoku Tokuiten - Kani Jikan Shinden Solomon",anime,
fate-stay-night-movie-heaven-s-feel-i-presage-flower,"Fate/stay night Movie: Heaven's Feel - I. Presage Flower",anime,
fate-stay-night-movie-heaven-s-feel-ii-lost-butterfly,"Fate/stay night Movie: Heaven's Feel - II. Lost Butterfly",anime,
fate-stay-night-movie-heaven-s-feel-iii-spring-song,"Fate/stay night Movie: Heaven's Feel - III. Spring Song",anime,
fairy-tail-2014-2,"Fairy Tail (2014)",anime,
futsal-boys,"Futsal Boys!!!!!",anime,
fuufu-ijou-koibito-miman,"Fuufu Ijou, Koibito Miman",anime,
fuuka,"Fuuka",anime,
gangsta,"Gangsta",anime,
genjitsu-no-yohane-sunshine-in-the-mirror,"Genjitsu no Yohane: Sunshine in the Mirror",anime,
gibiate,"Gibiate",anime,
gintama-futon-ni-haitte-kara-buki-nokoshi-ni-kizuite-neru-ni-nerenai-toki-mo-aru,"Gintama': Futon ni Haitte kara Buki Nokoshi ni Kizuite Neru ni Nerenai Toki mo Aru",anime,
gintama-enchousen,"Gintama': Enchousen",anime,
dragon-ball-z,"Dragon Ball Z",anime,
goblin-slayer,"Goblin Slayer",anime,
goblin-slayer-goblin-s-crown,"Goblin Slayer: Goblin's Crown",anime,
good-night-world,"Good Night World",anime,
gotoubun-no-hanayome-2024-2,"Gotoubun no Hanayome 2024",anime,
gyakuten-sekai-no-denchi-shoujo,"Gyakuten Sekai no Denchi Shoujo",anime,
hajimete-no-gal,"Hajimete no Gal",anime,
hajimete-no-gal-hajimete-no-bunkasai,"Hajimete no Gal: Hajimete no Bunkasai",anime,
hakuouki-ova-2021-2,"Hakuouki OVA (2021)",anime,
hametsu-no-oukoku,"Hametsu no Oukoku",anime,
hajime-no-ippo,"Hajime no Ippo",anime,
helck,"Helck",anime,
higurashi-no-naku-koro-ni-2020-2,"Higurashi no Naku Koro ni (2020)",anime,
hirogaru-sky-precure,"Hirogaru Sky! Precure",anime,
horimiya-piece,"Horimiya: Piece",anime,
hoshi-no-samidare,"Hoshi no Samidare",anime,
human-bug-daigaku,"Human Bug Daigaku",anime,
hyouken-no-majutsushi-ga-sekai-wo-suberu,"Hyouken no Majutsushi ga Sekai wo Suberu",anime,
hypnosis-mic-division-rap-battle-rhyme-anima,"Hypnosis Mic: Division Rap Battle - Rhyme Anima",anime,
ijiranaide-nagatoro-san,"Ijiranaide, Nagatoro-san",anime,
isekai-nonbiri-nouka,"Isekai Nonbiri Nouka",anime,
isekai-ojisan,"Isekai Ojisan",anime,
isekai-one-turn-kill-neesan-ane-douhan-no-isekai-seikatsu-hajimemashita,"Isekai One Turn Kill Neesan: Ane Douhan no Isekai Seikatsu Hajimemashita",anime,
isekai-shoukan-wa-nidome-desu,"Isekai Shoukan wa Nidome desu",anime,
isekai-wa-smartphone-to-tomo-ni,"Isekai wa Smartphone to Tomo ni",anime,
itai-no-wa-iya-nano-de-bougyoryoku-ni-kyokufuri-shitai-to-omoimasu,"Itai no wa Iya nano de Bougyoryoku ni Kyokufuri Shitai to Omoimasu",anime,
itou-junji-maniac,"Itou Junji: Maniac",anime,
jaku-chara-tomozaki-kun-specials,"Jaku-Chara Tomozaki-kun Specials",anime,
jigoku-sensei-nube-2025-2,"Jigoku Sensei Nube (2025)",anime,
hunter-x-hunter-2011,"Hunter x Hunter (2011)",anime,
jitsu-wa-ore-saikyou-deshita,"Jitsu wa Ore, Saikyou deshita?",anime,
journey-taiko-arabia-hantou-de-no-kiseki-to-tatakai-no-monogatari-ومدبلج,"Journey: Taiko Arabia Hantou de no Kiseki to Tatakai no Monogatari ومدبلج",anime,
k-seven-stories-movie-1-r-b-blaze,"K: Seven Stories Movie 1 - R:B - Blaze",anime,
k-seven-stories-movie-2-side-blue-tenrou-no-gotoku,"K: Seven Stories Movie 2 - Side:Blue - Tenrou no Gotoku",anime,
k-project,"K-Project",anime,
k-seven-stories-movie-3-side-green-uwagaki-sekai,"K: Seven Stories Movie 3 - Side:Green - Uwagaki Sekai",anime,
k-return-of-kings,"K: Return of Kings",anime,
kaifuku-jutsushi-no-yarinaoshi,"Kaifuku Jutsushi no Yarinaoshi",anime,
kakegurui-twin,"Kakegurui Twin",anime,
kaminaki-sekai-no-kamisama-katsudou,"Kaminaki Sekai no Kamisama Katsudou",anime,
kanata-no-astra,"Kanata no Astra",anime,
kanojo-ga-koushaku-tei-ni-itta-riyuu,"Kanojo ga Koushaku-tei ni Itta Riyuu",anime,
kawaisugi-crisis,"Kawaisugi Crisis",anime,
kawagoe-boys-sing,"Kawagoe Boys Sing",anime,
keikenzumi-na-kimi-to-keiken-zero-na-ore-ga-otsukiai-suru-hanashi,"Keikenzumi na Kimi to, Keiken Zero na Ore ga, Otsukiai suru Hanashi",anime,
kekkai-sensen-beyond,"Kekkai Sensen & Beyond",anime,
kibou-no-chikara-otona-precure-23,"Kibou no Chikara: Otona Precure '23",anime,
kenpuu-denki-berserk-berserk-1997-2,"Kenpuu Denki Berserk (Berserk 1997)",anime,
kikansha-no-mahou-wa-tokubetsu-desu,"Kikansha no Mahou wa Tokubetsu desu",anime,
king-s-raid-ishi-wo-tsugumono-tachi,"King's Raid: Ishi wo Tsugumono-tachi",anime,
kizumonogatari-i-tekketsu-hen,"Kizumonogatari I: Tekketsu-hen",anime,
kizumonogatari-ii-nekketsu-hen,"Kizumonogatari II: Nekketsu-hen",anime,
kizumonogatari-iii-reiketsu-hen,"Kizumonogatari III: Reiketsu-hen",anime,
kono-subarashii-sekai-ni-shukufuku-wo-2-kono-subarashii-geijutsu-ni-shukufuku-wo,"Kono Subarashii Sekai ni Shukufuku wo! 2: Kono Subarashii Geijutsu ni Shukufuku wo!",anime,
kono-subarashii-sekai-ni-shukufuku-wo-2,"Kono Subarashii Sekai ni Shukufuku wo! 2",anime,
kono-subarashii-sekai-ni-bakuen-wo,"Kono Subarashii Sekai ni Bakuen wo!",anime,
kono-subarashii-sekai-ni-shukufuku-wo-kono-subarashii-choker-ni-shukufuku-wo,"Kono Subarashii Sekai ni Shukufuku wo!: Kono Subarashii Choker ni Shukufuku wo!",anime,
konyaku-haki-sareta-reijou-wo-hirotta-ore-ga-ikenai-koto-wo-oshiekomu,"Konyaku Haki sareta Reijou wo Hirotta Ore ga, Ikenai Koto wo Oshiekomu",anime,
koori-zokusei-danshi-to-cool-na-douryou-joshi,"Koori Zokusei Danshi to Cool na Douryou Joshi",anime,
koukyuu-no-karasu,"Koukyuu no Karasu",anime,
kubo-san-wa-mob-wo-yurusanai,"Kubo-san wa Mob wo Yurusanai",anime,
kuma-kuma-kuma-bear,"Kuma Kuma Kuma Bear",anime,
kyoukai-no-kanata-movie-1-i-ll-be-here-kako-hen,"Kyoukai no Kanata Movie 1: I'll Be Here - Kako-hen",anime,
kyoukai-no-kanata-movie-2-i-ll-be-here-mirai-hen,"Kyoukai no Kanata Movie 2: I'll Be Here - Mirai-hen",anime,
kyuuketsuki-sugu-shinu,"Kyuuketsuki Sugu Shinu",anime,
lets-play-quest-darake-no-my-life-2,"Lets Play Quest-darake no My Life",anime,
level-1-dakedo-unique-skill-de-saikyou-desu,"Level 1 dakedo Unique Skill de Saikyou desu",anime,
liar-liar,"Liar Liar",anime,
lookism,"Lookism",anime,
lupin-zero,"Lupin Zero",anime,
mahouka-koukou-no-rettousei-movie-hoshi-wo-yobu-shoujo,"Mahouka Koukou no Rettousei Movie: Hoshi wo Yobu Shoujo",anime,
mahouka-koukou-no-rettousei-tsuioku-hen,"Mahouka Koukou no Rettousei: Tsuioku-hen",anime,
mahou-shoujo-magical-destroyers,"Mahou Shoujo Magical Destroyers",anime,
maken-ki,"Maken-Ki!",anime,
maken-ki-two,"Maken-Ki! Two",anime,
masou-gakuen-hxh,"Masou Gakuen HxH",anime,
megumi-no-daigo-kyuukoku-no-orange,"Megumi no Daigo: Kyuukoku no Orange",anime,
meitantei-conan-hannin-no-hanzawa-san,"Meitantei Conan: Hannin no Hanzawa-san",anime,
migi-to-dali,"Migi to Dali",anime,
mix-meisei-story,"Mix: Meisei Story",anime,
mobile-suit-gundam-hathaway-s-flash,"Mobile Suit Gundam: Hathaway's Flash",anime,
mob-psycho-100,"Mob Psycho 100",anime,
monster-musume-no-iru-nichijou,"Monster Musume no Iru Nichijou",anime,
monogatari-series-second-season,"Monogatari Series: Second Season",anime,
mou-ippon,"Mou Ippon!",anime,
mushikaburi-hime,"Mushikaburi-hime",anime,
nanatsu-no-maken-ga-shihai-suru,"Nanatsu no Maken ga Shihai suru",anime,
nanatsu-no-taizai-seisen-no-shirushi,"Nanatsu no Taizai: Seisen no Shirushi",anime,
nande-koko-ni-sensei-ga,"Nande Koko ni Sensei ga!?",anime,
nekomonogatari-kuro,"Nekomonogatari: Kuro",anime,
new-game-watashi-shain-ryokou-tte-hajimete-nano-de,"New Game! Watashi, Shain Ryokou tte Hajimete nano de",anime,
new-game,"New Game!",anime,
niehime-to-kemono-no-ou,"Niehime to Kemono no Ou",anime,
nihon-chinbotsu-2020-2,"Nihon Chinbotsu 2020",anime,
ningen-fushin-no-boukensha-tachi-ga-sekai-wo-sukuu-you-desu,"Ningen Fushin no Boukensha-tachi ga Sekai wo Sukuu you desu",anime,
nisemonogatari,"Nisemonogatari",anime,
nokemono-tachi-no-yoru,"Nokemono-tachi no Yoru",anime,
noumin-kanren-no-skill-bakka-agetetara-nazeka-tsuyoku-natta,"Noumin Kanren no Skill bakka Agetetara Nazeka Tsuyoku Natta",anime,
naruto,"Naruto",anime,
ojou-to-banken-kun,"Ojou to Banken-kun",anime,
okashi-na-tensei,"Okashi na Tensei",anime,
ooyukiumi-no-kaina,"Ooyukiumi no Kaina",anime,
otonari-ni-ginga,"Otonari ni Ginga",anime,
ousama-game-the-animation,"Ousama Game The Animation",anime,
ousama-ranking-yuuki-no-takarabako,"Ousama Ranking: Yuuki no Takarabako",anime,
overtake,"Overtake!",anime,
owarimonogatari-2nd-season,"Owarimonogatari 2nd Season",anime,
owarimonogatari,"Owarimonogatari",anime,
peter-grill-to-kenja-no-jikan,"Peter Grill to Kenja no Jikan",anime,
pluto,"Pluto",anime,
potion-danomi-de-ikinobimasu,"Potion-danomi de Ikinobimasu!",anime,
psycho-pass-2,"Psycho-Pass 2",anime,
psycho-pass-3,"Psycho-Pass 3",anime,
ragna-crimson,"Ragna Crimson",anime,
ranma1-2-2024-2,"Ranma1/2 (2024)",anime,
renai-flops,"Renai Flops",anime,
revenger,"Revenger",anime,
rokudou-no-onna-tachi,"Rokudou no Onna-tachi",anime,
romantic-killer,"Romantic Killer",anime,
rurouni-kenshin-meiji-kenkaku-romantan-2023,"Rurouni Kenshin: Meiji Kenkaku Romantan (2023)",anime,
ryza-no-atelier-tokoyami-no-joou-to-himitsu-no-kakurega,"Ryza no Atelier: Tokoyami no Joou to Himitsu no Kakurega",anime,
sabikui-bisco,"Sabikui Bisco",anime,
saihate-no-paladin,"Saihate no Paladin",anime,
saikyou-onmyouji-no-isekai-tenseiki,"Saikyou Onmyouji no Isekai Tenseiki",anime,
sakura-sou-no-pet-na-kanojo,"Sakura-sou no Pet na Kanojo",anime,
seija-musou-salaryman-isekai-de-ikinokoru-tame-ni-ayumu-michi,"Seija Musou: Salaryman, Isekai de Ikinokoru Tame ni Ayumu Michi",anime,
seiken-densetsu-legend-of-mana-the-teardrop-crystal,"Seiken Densetsu: Legend of Mana - The Teardrop Crystal",anime,
seiken-gakuin-no-makentsukai,"Seiken Gakuin no Makentsukai",anime,
seishun-buta-yarou-wa-odekake-sister-no-yume-wo-minai,"Seishun Buta Yarou wa Odekake Sister no Yume wo Minai",anime,
sekirei,"Sekirei",anime,
sekirei-hajimete-no-otsukai,"Sekirei: Hajimete no Otsukai",anime,
sekirei-pure-engagement,"Sekirei: Pure Engagement",anime,
shadowverse-flame,"Shadowverse Flame",anime,
shaman-king-2021-2,"Shaman King (2021)",anime,
shingeki-no-kyojin-lost-girls,"Shingeki no Kyojin: Lost Girls",anime,
shinkalion-change-the-world,"Shinkalion: Change the World",anime,
shinmai-maou-no-testament-burst-toujou-basara-no-shigoku-heiwa-na-nichijou,"Shinmai Maou no Testament Burst: Toujou Basara no Shigoku Heiwa na Nichijou",anime,
shinmai-maou-no-testament-burst,"Shinmai Maou no Testament Burst",anime,
shinmai-maou-no-testament,"Shinmai Maou no Testament",anime,
shinmai-maou-no-testament-departures,"Shinmai Maou no Testament Departures",anime,
shinmai-maou-no-testament-toujou-basara-no-hard-sweet-na-nichijou,"Shinmai Maou no Testament: Toujou Basara no Hard Sweet na Nichijou",anime,
shinobi-no-ittoki,"Shinobi no Ittoki",anime,
shiro-seijo-to-kuro-bokushi,"Shiro Seijo to Kuro Bokushi",anime,
shinmai-renkinjutsushi-no-tenpo-keiei,"Shinmai Renkinjutsushi no Tenpo Keiei",anime,
show-by-rock-stars,"Show by Rock!! Stars!!",anime,
shuumatsu-no-walkure,"Shuumatsu no Walküre",anime,
sin-nanatsu-no-taizai,"Sin: Nanatsu no Taizai",anime,
naruto-shippuuden,"Naruto: Shippuuden",anime,
skip-to-loafer,"Skip to Loafer",anime,
spriggan,"Spriggan",anime,
spy-kyoushitsu,"Spy Kyoushitsu",anime,
suki-na-ko-ga-megane-wo-wasureta,"Suki na Ko ga Megane wo Wasureta",anime,
super-dragon-ball-heroes,"Super Dragon Ball Heroes",anime,
sword-art-online-alternative-gun-gale-online-2,"Sword Art Online Alternative: Gun Gale Online",anime,
sword-art-online-movie-ordinal-scale,"Sword Art Online Movie: Ordinal Scale",anime,
sword-art-online-alternative-gun-gale-online-ii-2,"Sword Art Online Alternative: Gun Gale Online II",anime,
sword-art-online-2,"Sword Art Online",anime,
sword-art-online-extra-edition,"Sword Art Online: Extra Edition",anime,
sword-art-online-alicization-war-of-underworld-2nd-season-2,"Sword Art Online: Alicization - War of Underworld 2nd Season",anime,
sword-art-online-progressive-movie-hoshi-naki-yoru-no-aria,"Sword Art Online: Progressive Movie - Hoshi Naki Yoru no Aria",anime,
sword-art-online-alicization-war-of-underworld-2,"Sword Art Online: Alicization - War of Underworld",anime,
sword-art-online-progressive-movie-kuraki-yuuyami-no-scherzo,"Sword Art Online: Progressive Movie - Kuraki Yuuyami no Scherzo",anime,
sword-art-online-ii-2,"Sword Art Online II",anime,
sword-art-online-alicization-2,"Sword Art Online: Alicization",anime,
taisou-zamurai,"Taisou Zamurai",anime,
tales-of-zestiria-the-x-2nd-season,"Tales of Zestiria The X 2nd Season",anime,
tales-of-zestiria-the-x,"Tales of Zestiria the X",anime,
tearmoon-teikoku-monogatari-dantoudai-kara-hajimaru-hime-no-tensei-gyakuten-stor,"Tearmoon Teikoku Monogatari: Dantoudai kara Hajimaru, Hime no Tensei Gyakuten Story",anime,
technoroid-overmind,"Technoroid: Overmind",anime,
tengoku-daimakyou,"Tengoku Daimakyou",anime,
tensei-kizoku-no-isekai-boukenroku-jichou-wo-shiranai-kamigami-no-shito,"Tensei Kizoku no Isekai Boukenroku: Jichou wo Shiranai Kamigami no Shito",anime,
tensei-oujo-to-tensai-reijou-no-mahou-kakumei,"Tensei Oujo to Tensai Reijou no Mahou Kakumei",anime,
tensei-shitara-ken-deshita,"Tensei shitara Ken Deshita",anime,
teppen,"Teppen!!!!!!!!!!!!!!!",anime,
tesla-note,"Tesla Note",anime,
the-idolm-ster-cinderella-girls-u149,"The IDOLM@STER Cinderella Girls: U149",anime,
the-idolm-ster-million-live,"The iDOLM@STER Million Live!",anime,
the-legend-of-heroes-sen-no-kiseki-northern-war,"The Legend of Heroes: Sen no Kiseki - Northern War",anime,
the-marginal-service,"The Marginal Service",anime,
thermae-romae-novae,"Thermae Romae Novae",anime,
toaru-ossan-no-vrmmo-katsudouki,"Toaru Ossan no VRMMO Katsudouki",anime,
toaru-kagaku-no-railgun-t,"Toaru Kagaku no Railgun T",anime,
tokyo-mew-mew-new,"Tokyo Mew Mew New ♡",anime,
tomo-chan-wa-onnanoko,"Tomo-chan wa Onnanoko!",anime,
tokyo-revengers,"Tokyo Revengers",anime,
totsukuni-no-shoujo-2022,"Totsukuni no Shoujo (2022)",anime,
triage-x,"Triage X",anime,
triage-x-recollection-xoxo,"Triage X: Recollection XOXO",anime,
trigun-stampede,"Trigun Stampede",anime,
tsukimonogatari,"Tsukimonogatari",anime,
tsundere-akuyaku-reijou-liselotte-to-jikkyou-no-endou-kun-to-kaisetsu-no-kobayas,"Tsundere Akuyaku Reijou Liselotte to Jikkyou no Endou-kun to Kaisetsu no Kobayashi-san",anime,
uchi-no-kaisha-no-chiisai-senpai-no-hanashi,"Uchi no Kaisha no Chiisai Senpai no Hanashi",anime,
uchi-no-shishou-wa-shippo-ga-nai,"Uchi no Shishou wa Shippo ga Nai",anime,
undead-girl-murder-farce,"Undead Girl Murder Farce",anime,
uniteup,"UniteUp!",anime,
under-ninja,"Under Ninja",anime,
undead-unluck,"Undead Unluck",anime,
urusei-yatsura-2022,"Urusei Yatsura (2022)",anime,
vampire-hunter-d-2000,"Vampire Hunter D (2000)",anime,
vampire-in-the-garden,"Vampire in the Garden",anime,
utawarerumono-futari-no-hakuoro,"Utawarerumono: Futari no Hakuoro",anime,
vazzrock-the-animation,"Vazzrock The Animation",anime,
violet-evergarden-kitto-ai-wo-shiru-hi-ga-kuru-no-darou,"Violet Evergarden: Kitto ""Ai"" wo Shiru Hi ga Kuru no Darou",anime,
vivy-fluorite-eye-s-song,"Vivy: Fluorite Eye's Song",anime,
vlad-love,"Vlad Love",anime,
world-dai-star,"World Dai Star",anime,
yamada-kun-to-lv999-no-koi-wo-suru,"Yamada-kun to Lv999 no Koi wo Suru",anime,
yosuga-no-sora-in-solitude-where-we-are-least-alone,"Yosuga no Sora: In Solitude, Where We Are Least Alone",anime,
yumemiru-danshi-wa-genjitsushugisha,"Yumemiru Danshi wa Genjitsushugisha",anime,
yuusha-ga-shinda,"Yuusha ga Shinda!",anime,
yuusha-party-wo-tsuihou-sareta-beast-tamer-saikyoushu-no-nekomimi-shoujo-to-deau,"Yuusha Party wo Tsuihou sareta Beast Tamer, Saikyoushu no Nekomimi Shoujo to Deau",anime,
yuzuki-san-chi-no-yonkyoudai,"Yuzuki-san Chi no Yonkyoudai",anime,
zuihou-de-zhaohuan-shi,"Zuihou de Zhaohuan Shi",anime,
zom-100-zombie-ni-naru-made-ni-shitai-100-no-koto,"Zom 100: Zombie ni Naru made ni Shitai 100 no Koto",anime,
yuu-yuu-hakusho,"Yuu☆Yuu☆Hakusho",anime,