id,name,type,year,source,image_url,match_status
16bit-sensation-another-layer,16bit Sensation: Another Layer,anime,,witanime,,not_found_on_site
4-nin-wa-sorezore-uso-wo-tsuku,4-nin wa Sorezore Uso wo Tsuku,anime,,witanime,,not_found_on_site
a3-season-autumn-winter,A3! Season Autumn & Winter,anime,,witanime,,not_found_on_site
ai-no-idenshi,AI no Idenshi,anime,,witanime,,not_found_on_site
akiba-maid-sensou,Akiba Maid Sensou,anime,,witanime,,not_found_on_site
akuyaku-reijou-nanode-last-boss-wo-kattemimashita,Akuyaku Reijou nanode Last Boss wo Kattemimashita,anime,,witanime,,not_found_on_site
ao-no-orchestra,Ao no Orchestra,anime,,witanime,,not_found_on_site
ars-no-kyojuu,Ars no Kyojuu,anime,,witanime,,not_found_on_site
ayaka,Ayaka,anime,,witanime,,not_found_on_site
b-the-beginning,B: The Beginning,anime,,witanime,,not_found_on_site
baki,Baki,anime,,witanime,,not_found_on_site
ballroom-e-youkoso,Ballroom e Youkoso,anime,,witanime,https://pub-7bd753a4463049929e562aa677ad4251.r2.dev/anime/ballroom-e-youkoso.jpg,matched_slug
bang-dream-it-s-mygo,BanG Dream! It's MyGO!!!!!,anime,,witanime,,not_found_on_site
benriya-saitou-san-isekai-ni-iku,"Benriya Saitou-san, Isekai ni Iku",anime,,witanime,,not_found_on_site
berserk-ougon-jidai-hen-memorial-edition,Berserk: Ougon Jidai-hen - Memorial Edition,anime,,witanime,,not_found_on_site
berserk-ougon-jidai-hen-i-haou-no-tamago,Berserk: Ougon Jidai-hen I - Haou no Tamago,anime,,witanime,https://pub-7bd753a4463049929e562aa677ad4251.r2.dev/anime/فيلم-berserk-ougon-jidai-hen-i-haou-no-tamago-مترجم.jpg,matched_name
berserk-ougon-jidai-hen-ii-doldrey-kouryaku,Berserk: Ougon Jidai-hen II - Doldrey Kouryaku,anime,,witanime,https://pub-7bd753a4463049929e562aa677ad4251.r2.dev/anime/فيلم-berserk-ougon-jidai-hen-ii-doldrey-kouryaku-مترجم.jpg,matched_name
berserk-ougon-jidai-hen-iii-kourin,Berserk: Ougon Jidai-hen III - Kourin,anime,,witanime,https://pub-7bd753a4463049929e562aa677ad4251.r2.dev/anime/فيلم-berserk-ougon-jidai-hen-iii-kourin-مترجم.jpg,matched_name
birdie-wing-golf-girls-story,Birdie Wing: Golf Girls' Story,anime,,witanime,,not_found_on_site
birdie-wing-golf-girls-story-season-2,Birdie Wing: Golf Girls' Story Season 2,anime,,witanime,,not_found_on_site
black-clover,Black Clover,anime,,witanime,,not_found_on_site
black-lagoon-roberta-s-blood-trail,Black Lagoon: Roberta's Blood Trail,anime,,witanime,,not_found_on_site
blade-soul,Blade & Soul,anime,,witanime,,not_found_on_site
bleach,Bleach,anime,,witanime,,not_found_on_site
bleach-sennen-kessen-hen,Bleach: Sennen Kessen-hen,anime,,witanime,,not_found_on_site
bocchi-the-rock,Bocchi the Rock!,anime,,witanime,,not_found_on_site
boku-no-hero-academia-2nd-season-hero-note,Boku no Hero Academia 2nd Season: Hero Note,anime,,witanime,https://pub-7bd753a4463049929e562aa677ad4251.r2.dev/anime/الحلقة-الخاصة-boku-no-hero-academia-2nd-season-hero-note.jpg,matched_name
boku-no-hero-academia-the-movie-3-world-heroes-mission,Boku no Hero Academia the Movie 3: World Heroes' Mission,anime,,witanime,,not_found_on_site
boku-no-hero-academia-ikinokore-kesshi-no-survival-kunren,Boku no Hero Academia: Ikinokore! Kesshi no Survival Kunren,anime,,witanime,https://pub-7bd753a4463049929e562aa677ad4251.r2.dev/anime/boku-no-hero-academia-ikinokore-kesshi-no-survival-kunren.jpg,matched_slug
boku-no-hero-academia-sukue-kyuujo-kunren,Boku no Hero Academia: Sukue! Kyuujo Kunren!,anime,,witanime,https://pub-7bd753a4463049929e562aa677ad4251.r2.dev/anime/اوفا-boku-no-hero-academia-sukue-kyuujo-kunren.jpg,matched_name
boku-no-hero-academia-training-of-the-dead,Boku no Hero Academia: Training of the Dead,anime,,witanime,https://pub-7bd753a4463049929e562aa677ad4251.r2.dev/anime/اوفا-boku-no-hero-academia-training-of-the-dead.jpg,matched_name
bokura-no-ameiro-protocol,Bokura no Ameiro Protocol,anime,,witanime,,not_found_on_site
boruto-naruto-next-generations,Boruto: Naruto Next Generations,anime,,witanime,,not_found_on_site
boukensha-ni-naritai-to-miyako-ni-deteitta-musume-ga-s-rank-ni-natteta,Boukensha ni Naritai to Miyako ni Deteitta Musume ga S-Rank ni Natteta,anime,,witanime,,not_found_on_site
boushoku-no-berserk,Boushoku no Berserk,anime,,witanime,,not_found_on_site
buddy-daddies,Buddy Daddies,anime,,witanime,,not_found_on_site
bullbuster,Bullbuster,anime,,witanime,,not_found_on_site
buta-no-liver-wa-kanetsu-shiro,Buta no Liver wa Kanetsu Shiro,anime,,witanime,,not_found_on_site
cardfight-vanguard-will-dress,Cardfight!! Vanguard: will+Dress,anime,,witanime,,not_found_on_site
code-geass-boukoku-no-akito-5-itoshiki-mono-tachi-e,Code Geass: Boukoku no Akito 5 - Itoshiki Mono-tachi e,anime,,witanime,,not_found_on_site
code-geass-hangyaku-no-lelouch-r2,Code Geass: Hangyaku no Lelouch R2,anime,,witanime,https://pub-7bd753a4463049929e562aa677ad4251.r2.dev/anime/code-geass-hangyaku-no-lelouch-r2.jpg,matched_slug
cool-doji-danshi,Cool Doji Danshi,anime,,witanime,,not_found_on_site
cyberpunk-edgerunners,Cyberpunk: Edgerunners,anime,,witanime,,not_found_on_site
dark-gathering,Dark gathering,anime,,witanime,,not_found_on_site
darwin-s-game,Darwin's Game,anime,,witanime,,not_found_on_site
deep-insanity-the-lost-child,Deep Insanity: The Lost Child,anime,,witanime,,not_found_on_site
dekiru-neko-wa-kyou-mo-yuuutsu,Dekiru Neko wa Kyou mo Yuuutsu,anime,,witanime,,not_found_on_site
dekoboko-majo-no-oyako-jijou,Dekoboko Majo no Oyako Jijou,anime,,witanime,,not_found_on_site
demi-chan-wa-kataritai,Demi-chan wa Kataritai,anime,,witanime,https://pub-7bd753a4463049929e562aa677ad4251.r2.dev/anime/demi-chan-wa-kataritai.jpg,matched_slug
dies-irae-to-the-ring-reincarnation,Dies Irae: To the Ring Reincarnation,anime,,witanime,https://pub-7bd753a4463049929e562aa677ad4251.r2.dev/anime/dies-irae-to-the-ring-reincarnation.jpg,matched_slug
digimon-adventure,Digimon Adventure,anime,,witanime,https://pub-7bd753a4463049929e562aa677ad4251.r2.dev/anime/digimon-adventure.jpg,matched_slug
digimon-ghost-game,Digimon Ghost Game,anime,,witanime,,not_found_on_site
do-it-yourself,Do It Yourself!!,anime,,witanime,,not_found_on_site
dogeza-de-tanondemita,Dogeza de Tanondemita,anime,,witanime,,not_found_on_site
dokyuu-hentai-hxeros,Dokyuu Hentai HxEros,anime,,witanime,https://pub-7bd753a4463049929e562aa677ad4251.r2.dev/anime/dokyuu-hentai-hxeros-ova.jpg,matched_name
dokyuu-hentai-hxeros-ova,Dokyuu Hentai HxEros OVA,anime,,witanime,https://pub-7bd753a4463049929e562aa677ad4251.r2.dev/anime/dokyuu-hentai-hxeros-ova.jpg,matched_slug
dota-dragon-s-blood,DOTA: Dragon’s Blood,anime,,witanime,,not_found_on_site
dragon-ball-z,Dragon Ball Z,anime,,witanime,https://pub-7bd753a4463049929e562aa677ad4251.r2.dev/anime/dragon-ball-z.jpg,matched_slug
dragon-quest-dai-no-daibouken-2020-2,Dragon Quest: Dai no Daibouken (2020),anime,,witanime,,not_found_on_site
dragon-quest-dai-no-daibouken-2020-recap,Dragon Quest: Dai no Daibouken (2020) Recap,anime,,witanime,https://pub-7bd753a4463049929e562aa677ad4251.r2.dev/anime/الحلقة-الخاصة-dragon-quest-dai-no-daibouken-2020-recap.jpg,matched_name
dragon-ie-wo-kau,"Dragon, Ie wo Kau",anime,,witanime,https://pub-7bd753a4463049929e562aa677ad4251.r2.dev/anime/dragon-ie-wo-kau.jpg,matched_slug
dragon-s-dogma,Dragon's Dogma,anime,,witanime,,not_found_on_site
edomae-elf,Edomae Elf,anime,,witanime,,not_found_on_site
eiyuu-kyoushitsu,Eiyuu Kyoushitsu,anime,,witanime,,not_found_on_site
fairy-tail-2014-2,Fairy Tail (2014),anime,,witanime,,not_found_on_site
fairy-tail-movie-1-houou-no-miko-hajimari-no-asa,Fairy Tail Movie 1: Houou no Miko - Hajimari no Asa,anime,,witanime,https://pub-7bd753a4463049929e562aa677ad4251.r2.dev/anime/الحلقة-الخاصة-fairy-tail-movie-1-houou-no-miko-hajimari-no-asa.png,matched_name
fairy-tail-ova-2016,Fairy Tail OVA (2016),anime,,witanime,https://pub-7bd753a4463049929e562aa677ad4251.r2.dev/anime/fairy-tail-ova-2016.jpg,matched_slug
fairy-tail-x-rave,Fairy Tail x Rave,anime,,witanime,https://pub-7bd753a4463049929e562aa677ad4251.r2.dev/anime/اوفا-fairy-tail-x-rave.jpg,matched_name
fate-grand-order-shinsei-entaku-ryouiki-camelot-1-wandering-agateram,Fate/Grand Order: Shinsei Entaku Ryouiki Camelot 1 - Wandering; Agateram,anime,,witanime,https://pub-7bd753a4463049929e562aa677ad4251.r2.dev/anime/فيلم-fate-grand-order-shinsei-entaku-ryouiki-camelot-1-wandering-agateram-مترجم.jpg,matched_name
fate-grand-order-shinsei-entaku-ryouiki-camelot-2-paladin-agateram,Fate/Grand Order: Shinsei Entaku Ryouiki Camelot 2 - Paladin; Agateram,anime,,witanime,https://pub-7bd753a4463049929e562aa677ad4251.r2.dev/anime/فيلم-fate-grand-order-shinsei-entaku-ryouiki-camelot-2-paladin-agateram.jpg,matched_name
fate-grand-order-shuukyoku-tokuiten-kani-jikan-shinden-solomon,Fate/Grand Order: Shuukyoku Tokuiten - Kani Jikan Shinden Solomon,anime,,witanime,https://pub-7bd753a4463049929e562aa677ad4251.r2.dev/anime/فيلم-fate-grand-order-shuukyoku-tokuiten-kani-jikan-shinden-solomon.jpg,matched_name
fate-stay-night-movie-heaven-s-feel-i-presage-flower,Fate/stay night Movie: Heaven's Feel - I. Presage Flower,anime,,witanime,,not_found_on_site
fate-stay-night-movie-heaven-s-feel-ii-lost-butterfly,Fate/stay night Movie: Heaven's Feel - II. Lost Butterfly,anime,,witanime,,not_found_on_site
fate-stay-night-movie-heaven-s-feel-iii-spring-song,Fate/stay night Movie: Heaven's Feel - III. Spring Song,anime,,witanime,,not_found_on_site
futsal-boys,Futsal Boys!!!!!,anime,,witanime,,not_found_on_site
fuufu-ijou-koibito-miman,"Fuufu Ijou, Koibito Miman",anime,,witanime,,not_found_on_site
fuuka,Fuuka,anime,,witanime,https://pub-7bd753a4463049929e562aa677ad4251.r2.dev/anime/fuuka.jpg,matched_slug
gangsta,Gangsta,anime,,witanime,https://pub-7bd753a4463049929e562aa677ad4251.r2.dev/anime/gangsta.jpg,matched_slug
genjitsu-no-yohane-sunshine-in-the-mirror,Genjitsu no Yohane: Sunshine in the Mirror,anime,,witanime,,not_found_on_site
gibiate,Gibiate,anime,,witanime,,not_found_on_site
gintama-enchousen,Gintama': Enchousen,anime,,witanime,,not_found_on_site
gintama-futon-ni-haitte-kara-buki-nokoshi-ni-kizuite-neru-ni-nerenai-toki-mo-aru,Gintama': Futon ni Haitte kara Buki Nokoshi ni Kizuite Neru ni Nerenai Toki mo Aru,anime,,witanime,,not_found_on_site
goblin-slayer,Goblin Slayer,anime,,witanime,https://pub-7bd753a4463049929e562aa677ad4251.r2.dev/anime/goblin-slayer.jpg,matched_slug
goblin-slayer-goblin-s-crown,Goblin Slayer: Goblin's Crown,anime,,witanime,,not_found_on_site
good-night-world,Good Night World,anime,,witanime,,not_found_on_site
gotoubun-no-hanayome-2024-2,Gotoubun no Hanayome 2024,anime,,witanime,,not_found_on_site
gyakuten-sekai-no-denchi-shoujo,Gyakuten Sekai no Denchi Shoujo,anime,,witanime,https://pub-7bd753a4463049929e562aa677ad4251.r2.dev/anime/gyakuten-sekai-no-denchi-shoujo.jpg,matched_slug
hajime-no-ippo,Hajime no Ippo,anime,,witanime,,not_found_on_site
hajimete-no-gal,Hajimete no Gal,anime,,witanime,,not_found_on_site
hajimete-no-gal-hajimete-no-bunkasai,Hajimete no Gal: Hajimete no Bunkasai,anime,,witanime,,not_found_on_site
hakuouki-ova-2021-2,Hakuouki OVA (2021),anime,,witanime,,not_found_on_site
hametsu-no-oukoku,Hametsu no Oukoku,anime,,witanime,,not_found_on_site
helck,Helck,anime,,witanime,,not_found_on_site
higurashi-no-naku-koro-ni-2020-2,Higurashi no Naku Koro ni (2020),anime,,witanime,,not_found_on_site
hirogaru-sky-precure,Hirogaru Sky! Precure,anime,,witanime,,not_found_on_site
horimiya-piece,Horimiya: Piece,anime,,witanime,,not_found_on_site
hoshi-no-samidare,Hoshi no Samidare,anime,,witanime,,not_found_on_site
human-bug-daigaku,Human Bug Daigaku,anime,,witanime,,not_found_on_site
hunter-x-hunter-2011,Hunter x Hunter (2011),anime,,witanime,,not_found_on_site
hyouken-no-majutsushi-ga-sekai-wo-suberu,Hyouken no Majutsushi ga Sekai wo Suberu,anime,,witanime,,not_found_on_site
hypnosis-mic-division-rap-battle-rhyme-anima,Hypnosis Mic: Division Rap Battle - Rhyme Anima,anime,,witanime,,not_found_on_site
ijiranaide-nagatoro-san,"Ijiranaide, Nagatoro-san",anime,,witanime,,not_found_on_site
isekai-nonbiri-nouka,Isekai Nonbiri Nouka,anime,,witanime,,not_found_on_site
isekai-ojisan,Isekai Ojisan,anime,,witanime,,not_found_on_site
isekai-one-turn-kill-neesan-ane-douhan-no-isekai-seikatsu-hajimemashita,Isekai One Turn Kill Neesan: Ane Douhan no Isekai Seikatsu Hajimemashita,anime,,witanime,,not_found_on_site
isekai-shoukan-wa-nidome-desu,Isekai Shoukan wa Nidome desu,anime,,witanime,,not_found_on_site
isekai-wa-smartphone-to-tomo-ni,Isekai wa Smartphone to Tomo ni,anime,,witanime,,not_found_on_site
itai-no-wa-iya-nano-de-bougyoryoku-ni-kyokufuri-shitai-to-omoimasu,Itai no wa Iya nano de Bougyoryoku ni Kyokufuri Shitai to Omoimasu,anime,,witanime,,not_found_on_site
itou-junji-maniac,Itou Junji: Maniac,anime,,witanime,,not_found_on_site
jaku-chara-tomozaki-kun-specials,Jaku-Chara Tomozaki-kun Specials,anime,,witanime,https://pub-7bd753a4463049929e562aa677ad4251.r2.dev/anime/jaku-chara-tomozaki-kun-specials.jpg,matched_slug
jigoku-sensei-nube-2025-2,Jigoku Sensei Nube (2025),anime,,witanime,,not_found_on_site
jitsu-wa-ore-saikyou-deshita,"Jitsu wa Ore, Saikyou deshita?",anime,,witanime,,not_found_on_site
journey-taiko-arabia-hantou-de-no-kiseki-to-tatakai-no-monogatari-ومدبلج,Journey: Taiko Arabia Hantou de no Kiseki to Tatakai no Monogatari ومدبلج,anime,,witanime,https://pub-7bd753a4463049929e562aa677ad4251.r2.dev/anime/فيلم-journey-taiko-arabia-hantou-de-no-kiseki-to-tatakai-no-monogatari-مترجم-ومدبلج-اون-لاين.jpg,matched_name
k-project,K-Project,anime,,witanime,https://pub-7bd753a4463049929e562aa677ad4251.r2.dev/anime/k-project.png,matched_slug
k-return-of-kings,K: Return of Kings,anime,,witanime,https://pub-7bd753a4463049929e562aa677ad4251.r2.dev/anime/k-return-of-kings.jpg,matched_slug
k-seven-stories-movie-1-r-b-blaze,K: Seven Stories Movie 1 - R:B - Blaze,anime,,witanime,https://pub-7bd753a4463049929e562aa677ad4251.r2.dev/anime/فيلم-k-seven-stories-movie-1-r-b-blaze.png,matched_name
k-seven-stories-movie-2-side-blue-tenrou-no-gotoku,K: Seven Stories Movie 2 - Side:Blue - Tenrou no Gotoku,anime,,witanime,https://pub-7bd753a4463049929e562aa677ad4251.r2.dev/anime/فيلم-k-seven-stories-movie-2-side-blue-tenrou-no-gotoku.png,matched_name
k-seven-stories-movie-3-side-green-uwagaki-sekai,K: Seven Stories Movie 3 - Side:Green - Uwagaki Sekai,anime,,witanime,https://pub-7bd753a4463049929e562aa677ad4251.r2.dev/anime/فيلم-k-seven-stories-movie-3-side-green-uwagaki-sekai.png,matched_name
kaifuku-jutsushi-no-yarinaoshi,Kaifuku Jutsushi no Yarinaoshi,anime,,witanime,,not_found_on_site
kakegurui-twin,Kakegurui Twin,anime,,witanime,,not_found_on_site
kaminaki-sekai-no-kamisama-katsudou,Kaminaki Sekai no Kamisama Katsudou,anime,,witanime,,not_found_on_site
kanata-no-astra,Kanata no Astra,anime,,witanime,https://pub-7bd753a4463049929e562aa677ad4251.r2.dev/anime/kanata-no-astra.jpg,matched_slug
kanojo-ga-koushaku-tei-ni-itta-riyuu,Kanojo ga Koushaku-tei ni Itta Riyuu,anime,,witanime,,not_found_on_site
kawagoe-boys-sing,Kawagoe Boys Sing,anime,,witanime,,not_found_on_site
kawaisugi-crisis,Kawaisugi Crisis,anime,,witanime,,not_found_on_site
keikenzumi-na-kimi-to-keiken-zero-na-ore-ga-otsukiai-suru-hanashi,"Keikenzumi na Kimi to, Keiken Zero na Ore ga, Otsukiai suru Hanashi",anime,,witanime,,not_found_on_site
kekkai-sensen-beyond,Kekkai Sensen & Beyond,anime,,witanime,,not_found_on_site
kenpuu-denki-berserk-berserk-1997-2,Kenpuu Denki Berserk (Berserk 1997),anime,,witanime,,not_found_on_site
kibou-no-chikara-otona-precure-23,Kibou no Chikara: Otona Precure '23,anime,,witanime,,not_found_on_site
kikansha-no-mahou-wa-tokubetsu-desu,Kikansha no Mahou wa Tokubetsu desu,anime,,witanime,,not_found_on_site
king-s-raid-ishi-wo-tsugumono-tachi,King's Raid: Ishi wo Tsugumono-tachi,anime,,witanime,,not_found_on_site
kizumonogatari-i-tekketsu-hen,Kizumonogatari I: Tekketsu-hen,anime,,witanime,https://pub-7bd753a4463049929e562aa677ad4251.r2.dev/anime/فيلم-kizumonogatari-i-tekketsu-hen.png,matched_name
kizumonogatari-ii-nekketsu-hen,Kizumonogatari II: Nekketsu-hen,anime,,witanime,https://pub-7bd753a4463049929e562aa677ad4251.r2.dev/anime/فيلم-kizumonogatari-ii-nekketsu-hen.png,matched_name
kizumonogatari-iii-reiketsu-hen,Kizumonogatari III: Reiketsu-hen,anime,,witanime,https://pub-7bd753a4463049929e562aa677ad4251.r2.dev/anime/فيلم-kizumonogatari-iii-reiketsu-hen.png,matched_name
kono-subarashii-sekai-ni-bakuen-wo,Kono Subarashii Sekai ni Bakuen wo!,anime,,witanime,,not_found_on_site
kono-subarashii-sekai-ni-shukufuku-wo-2,Kono Subarashii Sekai ni Shukufuku wo! 2,anime,,witanime,https://pub-7bd753a4463049929e562aa677ad4251.r2.dev/anime/kono-subarashii-sekai-ni-shukufuku-wo-2.jpg,matched_slug
kono-subarashii-sekai-ni-shukufuku-wo-2-kono-subarashii-geijutsu-ni-shukufuku-wo,Kono Subarashii Sekai ni Shukufuku wo! 2: Kono Subarashii Geijutsu ni Shukufuku wo!,anime,,witanime,https://pub-7bd753a4463049929e562aa677ad4251.r2.dev/anime/اوفا-kono-subarashii-sekai-ni-shukufuku-wo-2-kono-subarashii-geijutsu-ni-shukufuku-wo.png,matched_name
kono-subarashii-sekai-ni-shukufuku-wo-kono-subarashii-choker-ni-shukufuku-wo,Kono Subarashii Sekai ni Shukufuku wo!: Kono Subarashii Choker ni Shukufuku wo!,anime,,witanime,https://pub-7bd753a4463049929e562aa677ad4251.r2.dev/anime/اوفا-kono-subarashii-sekai-ni-shukufuku-wo-kono-subarashii-choker-ni-shukufuku-wo.png,matched_name
konyaku-haki-sareta-reijou-wo-hirotta-ore-ga-ikenai-koto-wo-oshiekomu,"Konyaku Haki sareta Reijou wo Hirotta Ore ga, Ikenai Koto wo Oshiekomu",anime,,witanime,,not_found_on_site
koori-zokusei-danshi-to-cool-na-douryou-joshi,Koori Zokusei Danshi to Cool na Douryou Joshi,anime,,witanime,,not_found_on_site
koukyuu-no-karasu,Koukyuu no Karasu,anime,,witanime,,not_found_on_site
kubo-san-wa-mob-wo-yurusanai,Kubo-san wa Mob wo Yurusanai,anime,,witanime,,not_found_on_site
kuma-kuma-kuma-bear,Kuma Kuma Kuma Bear,anime,,witanime,,not_found_on_site
kyoukai-no-kanata-movie-1-i-ll-be-here-kako-hen,Kyoukai no Kanata Movie 1: I'll Be Here - Kako-hen,anime,,witanime,,not_found_on_site
kyoukai-no-kanata-movie-2-i-ll-be-here-mirai-hen,Kyoukai no Kanata Movie 2: I'll Be Here - Mirai-hen,anime,,witanime,,not_found_on_site
kyuuketsuki-sugu-shinu,Kyuuketsuki Sugu Shinu,anime,,witanime,,not_found_on_site
lets-play-quest-darake-no-my-life-2,Lets Play Quest-darake no My Life,anime,,witanime,,not_found_on_site
level-1-dakedo-unique-skill-de-saikyou-desu,Level 1 dakedo Unique Skill de Saikyou desu,anime,,witanime,,not_found_on_site
liar-liar,Liar Liar,anime,,witanime,,not_found_on_site
lookism,Lookism,anime,,witanime,,not_found_on_site
lupin-zero,Lupin Zero,anime,,witanime,,not_found_on_site
mahou-shoujo-magical-destroyers,Mahou Shoujo Magical Destroyers,anime,,witanime,,not_found_on_site
mahouka-koukou-no-rettousei-movie-hoshi-wo-yobu-shoujo,Mahouka Koukou no Rettousei Movie: Hoshi wo Yobu Shoujo,anime,,witanime,https://pub-7bd753a4463049929e562aa677ad4251.r2.dev/anime/فيلم-mahouka-koukou-no-rettousei-movie-hoshi-wo-yobu-shoujo-مترجم.jpg,matched_name
mahouka-koukou-no-rettousei-tsuioku-hen,Mahouka Koukou no Rettousei: Tsuioku-hen,anime,,witanime,https://pub-7bd753a4463049929e562aa677ad4251.r2.dev/anime/الحلقة-الخاصة-mahouka-koukou-no-rettousei-tsuioku-hen.jpg,matched_name
maken-ki,Maken-Ki!,anime,,witanime,,not_found_on_site
maken-ki-two,Maken-Ki! Two,anime,,witanime,,not_found_on_site
masou-gakuen-hxh,Masou Gakuen HxH,anime,,witanime,,not_found_on_site
megumi-no-daigo-kyuukoku-no-orange,Megumi no Daigo: Kyuukoku no Orange,anime,,witanime,,not_found_on_site
meitantei-conan-hannin-no-hanzawa-san,Meitantei Conan: Hannin no Hanzawa-san,anime,,witanime,,not_found_on_site
migi-to-dali,Migi to Dali,anime,,witanime,,not_found_on_site
mix-meisei-story,Mix: Meisei Story,anime,,witanime,,not_found_on_site
mob-psycho-100,Mob Psycho 100,anime,,witanime,,not_found_on_site
mobile-suit-gundam-hathaway-s-flash,Mobile Suit Gundam: Hathaway's Flash,anime,,witanime,,not_found_on_site
monogatari-series-second-season,Monogatari Series: Second Season,anime,,witanime,https://pub-7bd753a4463049929e562aa677ad4251.r2.dev/anime/monogatari-series-second-season.png,matched_slug
monster-musume-no-iru-nichijou,Monster Musume no Iru Nichijou,anime,,witanime,https://pub-7bd753a4463049929e562aa677ad4251.r2.dev/anime/monster-musume-no-iru-nichijou.jpg,matched_slug
mou-ippon,Mou Ippon!,anime,,witanime,,not_found_on_site
mushikaburi-hime,Mushikaburi-hime,anime,,witanime,,not_found_on_site
nanatsu-no-maken-ga-shihai-suru,Nanatsu no Maken ga Shihai suru,anime,,witanime,,not_found_on_site
nanatsu-no-taizai-seisen-no-shirushi,Nanatsu no Taizai: Seisen no Shirushi,anime,,witanime,https://pub-7bd753a4463049929e562aa677ad4251.r2.dev/anime/nanatsu-no-taizai-seisen-no-shirushi.png,matched_slug
nande-koko-ni-sensei-ga,Nande Koko ni Sensei ga!?,anime,,witanime,https://pub-7bd753a4463049929e562aa677ad4251.r2.dev/anime/nande-koko-ni-sensei-ga.jpg,matched_slug
naruto,Naruto,anime,,witanime,,not_found_on_site
naruto-shippuuden,Naruto: Shippuuden,anime,,witanime,,not_found_on_site
nekomonogatari-kuro,Nekomonogatari: Kuro,anime,,witanime,https://pub-7bd753a4463049929e562aa677ad4251.r2.dev/anime/nekomonogatari-kuro.jpg,matched_slug
new-game,New Game!,anime,,witanime,https://pub-7bd753a4463049929e562aa677ad4251.r2.dev/anime/new-game.jpg,matched_slug
new-game-watashi-shain-ryokou-tte-hajimete-nano-de,"New Game! Watashi, Shain Ryokou tte Hajimete nano de",anime,,witanime,https://pub-7bd753a4463049929e562aa677ad4251.r2.dev/anime/اوفا-new-game-watashi-shain-ryokou-tte-hajimete-nano-de.jpg,matched_name
niehime-to-kemono-no-ou,Niehime to Kemono no Ou,anime,,witanime,,not_found_on_site
nihon-chinbotsu-2020-2,Nihon Chinbotsu 2020,anime,,witanime,,not_found_on_site
ningen-fushin-no-boukensha-tachi-ga-sekai-wo-sukuu-you-desu,Ningen Fushin no Boukensha-tachi ga Sekai wo Sukuu you desu,anime,,witanime,,not_found_on_site
nisemonogatari,Nisemonogatari,anime,,witanime,https://pub-7bd753a4463049929e562aa677ad4251.r2.dev/anime/nisemonogatari.jpg,matched_slug
nokemono-tachi-no-yoru,Nokemono-tachi no Yoru,anime,,witanime,,not_found_on_site
noumin-kanren-no-skill-bakka-agetetara-nazeka-tsuyoku-natta,Noumin Kanren no Skill bakka Agetetara Nazeka Tsuyoku Natta,anime,,witanime,,not_found_on_site
ojou-to-banken-kun,Ojou to Banken-kun,anime,,witanime,,not_found_on_site
okashi-na-tensei,Okashi na Tensei,anime,,witanime,,not_found_on_site
ooyukiumi-no-kaina,Ooyukiumi no Kaina,anime,,witanime,,not_found_on_site
otonari-ni-ginga,Otonari ni Ginga,anime,,witanime,,not_found_on_site
ousama-game-the-animation,Ousama Game The Animation,anime,,witanime,https://pub-7bd753a4463049929e562aa677ad4251.r2.dev/anime/ousama-game-the-animation.jpg,matched_slug
ousama-ranking-yuuki-no-takarabako,Ousama Ranking: Yuuki no Takarabako,anime,,witanime,,not_found_on_site
overtake,Overtake!,anime,,witanime,,not_found_on_site
owarimonogatari,Owarimonogatari,anime,,witanime,https://pub-7bd753a4463049929e562aa677ad4251.r2.dev/anime/owarimonogatari.jpg,matched_slug
owarimonogatari-2nd-season,Owarimonogatari 2nd Season,anime,,witanime,https://pub-7bd753a4463049929e562aa677ad4251.r2.dev/anime/owarimonogatari-2nd-season.jpg,matched_slug
peter-grill-to-kenja-no-jikan,Peter Grill to Kenja no Jikan,anime,,witanime,,not_found_on_site
pluto,Pluto,anime,,witanime,,not_found_on_site
potion-danomi-de-ikinobimasu,Potion-danomi de Ikinobimasu!,anime,,witanime,,not_found_on_site
psycho-pass-2,Psycho-Pass 2,anime,,witanime,https://pub-7bd753a4463049929e562aa677ad4251.r2.dev/anime/psycho-pass-2.jpg,matched_slug
psycho-pass-3,Psycho-Pass 3,anime,,witanime,https://pub-7bd753a4463049929e562aa677ad4251.r2.dev/anime/psycho-pass-3.jpg,matched_slug
ragna-crimson,Ragna Crimson,anime,,witanime,,not_found_on_site
ranma1-2-2024-2,Ranma1/2 (2024),anime,,witanime,https://pub-7bd753a4463049929e562aa677ad4251.r2.dev/anime/ranma1-2-2024.jpg,matched_name
renai-flops,Renai Flops,anime,,witanime,,not_found_on_site
revenger,Revenger,anime,,witanime,,not_found_on_site
rokudou-no-onna-tachi,Rokudou no Onna-tachi,anime,,witanime,,not_found_on_site
romantic-killer,Romantic Killer,anime,,witanime,,not_found_on_site
rurouni-kenshin-meiji-kenkaku-romantan-2023,Rurouni Kenshin: Meiji Kenkaku Romantan (2023),anime,,witanime,,not_found_on_site
ryza-no-atelier-tokoyami-no-joou-to-himitsu-no-kakurega,Ryza no Atelier: Tokoyami no Joou to Himitsu no Kakurega,anime,,witanime,,not_found_on_site
sabikui-bisco,Sabikui Bisco,anime,,witanime,https://pub-7bd753a4463049929e562aa677ad4251.r2.dev/anime/sabikui-bisco.png,matched_slug
saihate-no-paladin,Saihate no Paladin,anime,,witanime,,not_found_on_site
saikyou-onmyouji-no-isekai-tenseiki,Saikyou Onmyouji no Isekai Tenseiki,anime,,witanime,,not_found_on_site
sakura-sou-no-pet-na-kanojo,Sakura-sou no Pet na Kanojo,anime,,witanime,,not_found_on_site
seija-musou-salaryman-isekai-de-ikinokoru-tame-ni-ayumu-michi,"Seija Musou: Salaryman, Isekai de Ikinokoru Tame ni Ayumu Michi",anime,,witanime,,not_found_on_site
seiken-densetsu-legend-of-mana-the-teardrop-crystal,Seiken Densetsu: Legend of Mana - The Teardrop Crystal,anime,,witanime,,not_found_on_site
seiken-gakuin-no-makentsukai,Seiken Gakuin no Makentsukai,anime,,witanime,,not_found_on_site
seishun-buta-yarou-wa-odekake-sister-no-yume-wo-minai,Seishun Buta Yarou wa Odekake Sister no Yume wo Minai,anime,,witanime,https://pub-7bd753a4463049929e562aa677ad4251.r2.dev/anime/فيلم-seishun-buta-yarou-wa-odekake-sister-no-yume-wo-minai.jpg,matched_name
sekirei,Sekirei,anime,,witanime,,not_found_on_site
sekirei-hajimete-no-otsukai,Sekirei: Hajimete no Otsukai,anime,,witanime,,not_found_on_site
sekirei-pure-engagement,Sekirei: Pure Engagement,anime,,witanime,,not_found_on_site
shadowverse-flame,Shadowverse Flame,anime,,witanime,,not_found_on_site
shaman-king-2021-2,Shaman King (2021),anime,,witanime,,not_found_on_site
shingeki-no-kyojin-lost-girls,Shingeki no Kyojin: Lost Girls,anime,,witanime,https://pub-7bd753a4463049929e562aa677ad4251.r2.dev/anime/shingeki-no-kyojin-lost-girls.png,matched_slug
shinkalion-change-the-world,Shinkalion: Change the World,anime,,witanime,,not_found_on_site
shinmai-maou-no-testament,Shinmai Maou no Testament,anime,,witanime,https://pub-7bd753a4463049929e562aa677ad4251.r2.dev/anime/shinmai-maou-no-testament.png,matched_slug
shinmai-maou-no-testament-burst,Shinmai Maou no Testament Burst,anime,,witanime,https://pub-7bd753a4463049929e562aa677ad4251.r2.dev/anime/shinmai-maou-no-testament-burst.jpg,matched_slug
shinmai-maou-no-testament-burst-toujou-basara-no-shigoku-heiwa-na-nichijou,Shinmai Maou no Testament Burst: Toujou Basara no Shigoku Heiwa na Nichijou,anime,,witanime,https://pub-7bd753a4463049929e562aa677ad4251.r2.dev/anime/اوفا-shinmai-maou-no-testament-burst-toujou-basara-no-shigoku-heiwa-na-nichijou.jpg,matched_name
shinmai-maou-no-testament-departures,Shinmai Maou no Testament Departures,anime,,witanime,https://pub-7bd753a4463049929e562aa677ad4251.r2.dev/anime/اوفا-shinmai-maou-no-testament-departures.jpg,matched_name
shinmai-maou-no-testament-toujou-basara-no-hard-sweet-na-nichijou,Shinmai Maou no Testament: Toujou Basara no Hard Sweet na Nichijou,anime,,witanime,https://pub-7bd753a4463049929e562aa677ad4251.r2.dev/anime/اوفا-shinmai-maou-no-testament-toujou-basara-no-hard-sweet-na-nichijou.jpg,matched_name
shinmai-renkinjutsushi-no-tenpo-keiei,Shinmai Renkinjutsushi no Tenpo Keiei,anime,,witanime,,not_found_on_site
shinobi-no-ittoki,Shinobi no Ittoki,anime,,witanime,,not_found_on_site
shiro-seijo-to-kuro-bokushi,Shiro Seijo to Kuro Bokushi,anime,,witanime,,not_found_on_site
show-by-rock-stars,Show by Rock!! Stars!!,anime,,witanime,,not_found_on_site
shuumatsu-no-walkure,Shuumatsu no Walküre,anime,,witanime,,not_found_on_site
sin-nanatsu-no-taizai,Sin: Nanatsu no Taizai,anime,,witanime,,not_found_on_site
skip-to-loafer,Skip to Loafer,anime,,witanime,,not_found_on_site
spriggan,Spriggan,anime,,witanime,,not_found_on_site
spy-kyoushitsu,Spy Kyoushitsu,anime,,witanime,,not_found_on_site
suki-na-ko-ga-megane-wo-wasureta,Suki na Ko ga Megane wo Wasureta,anime,,witanime,,not_found_on_site
super-dragon-ball-heroes,Super Dragon Ball Heroes,anime,,witanime,,not_found_on_site
sword-art-online-2,Sword Art Online,anime,,witanime,,not_found_on_site
sword-art-online-alternative-gun-gale-online-2,Sword Art Online Alternative: Gun Gale Online,anime,,witanime,,not_found_on_site
sword-art-online-alternative-gun-gale-online-ii-2,Sword Art Online Alternative: Gun Gale Online II,anime,,witanime,,not_found_on_site
sword-art-online-ii-2,Sword Art Online II,anime,,witanime,,not_found_on_site
sword-art-online-movie-ordinal-scale,Sword Art Online Movie: Ordinal Scale,anime,,witanime,https://pub-7bd753a4463049929e562aa677ad4251.r2.dev/anime/فيلم-sword-art-online-movie-ordinal-scale-مترجم.jpg,matched_name
sword-art-online-alicization-2,Sword Art Online: Alicization,anime,,witanime,,not_found_on_site
sword-art-online-alicization-war-of-underworld-2,Sword Art Online: Alicization - War of Underworld,anime,,witanime,,not_found_on_site
sword-art-online-alicization-war-of-underworld-2nd-season-2,Sword Art Online: Alicization - War of Underworld 2nd Season,anime,,witanime,,not_found_on_site
sword-art-online-extra-edition,Sword Art Online: Extra Edition,anime,,witanime,https://pub-7bd753a4463049929e562aa677ad4251.r2.dev/anime/الحلقة-الخاصة-sword-art-online-extra-edition.jpg,matched_name
sword-art-online-progressive-movie-hoshi-naki-yoru-no-aria,Sword Art Online: Progressive Movie - Hoshi Naki Yoru no Aria,anime,,witanime,https://pub-7bd753a4463049929e562aa677ad4251.r2.dev/anime/فيلم-sword-art-online-progressive-movie-hoshi-naki-yoru-no-aria.jpg,matched_name
sword-art-online-progressive-movie-kuraki-yuuyami-no-scherzo,Sword Art Online: Progressive Movie - Kuraki Yuuyami no Scherzo,anime,,witanime,https://pub-7bd753a4463049929e562aa677ad4251.r2.dev/anime/فيلم-sword-art-online-progressive-movie-kuraki-yuuyami-no-scherzo.jpg,matched_name
taisou-zamurai,Taisou Zamurai,anime,,witanime,,not_found_on_site
tales-of-zestiria-the-x,Tales of Zestiria the X,anime,,witanime,https://pub-7bd753a4463049929e562aa677ad4251.r2.dev/anime/tales-of-zestiria-the-x.jpg,matched_slug
tales-of-zestiria-the-x-2nd-season,Tales of Zestiria The X 2nd Season,anime,,witanime,https://pub-7bd753a4463049929e562aa677ad4251.r2.dev/anime/tales-of-zestiria-the-x-2nd-season.jpg,matched_slug
tearmoon-teikoku-monogatari-dantoudai-kara-hajimaru-hime-no-tensei-gyakuten-stor,"Tearmoon Teikoku Monogatari: Dantoudai kara Hajimaru, Hime no Tensei Gyakuten Story",anime,,witanime,,not_found_on_site
technoroid-overmind,Technoroid: Overmind,anime,,witanime,,not_found_on_site
tengoku-daimakyou,Tengoku Daimakyou,anime,,witanime,,not_found_on_site
tensei-kizoku-no-isekai-boukenroku-jichou-wo-shiranai-kamigami-no-shito,Tensei Kizoku no Isekai Boukenroku: Jichou wo Shiranai Kamigami no Shito,anime,,witanime,,not_found_on_site
tensei-oujo-to-tensai-reijou-no-mahou-kakumei,Tensei Oujo to Tensai Reijou no Mahou Kakumei,anime,,witanime,,not_found_on_site
tensei-shitara-ken-deshita,Tensei shitara Ken Deshita,anime,,witanime,,not_found_on_site
teppen,Teppen!!!!!!!!!!!!!!!,anime,,witanime,,not_found_on_site
tesla-note,Tesla Note,anime,,witanime,https://pub-7bd753a4463049929e562aa677ad4251.r2.dev/anime/tesla-note.jpg,matched_slug
the-idolm-ster-cinderella-girls-u149,The IDOLM@STER Cinderella Girls: U149,anime,,witanime,,not_found_on_site
the-idolm-ster-million-live,The iDOLM@STER Million Live!,anime,,witanime,,not_found_on_site
the-legend-of-heroes-sen-no-kiseki-northern-war,The Legend of Heroes: Sen no Kiseki - Northern War,anime,,witanime,,not_found_on_site
the-marginal-service,The Marginal Service,anime,,witanime,,not_found_on_site
thermae-romae-novae,Thermae Romae Novae,anime,,witanime,,not_found_on_site
toaru-kagaku-no-railgun-t,Toaru Kagaku no Railgun T,anime,,witanime,https://pub-7bd753a4463049929e562aa677ad4251.r2.dev/anime/toaru-kagaku-no-railgun-t.jpg,matched_slug
toaru-ossan-no-vrmmo-katsudouki,Toaru Ossan no VRMMO Katsudouki,anime,,witanime,,not_found_on_site
tokyo-mew-mew-new,Tokyo Mew Mew New ♡,anime,,witanime,,not_found_on_site
tokyo-revengers,Tokyo Revengers,anime,,witanime,,not_found_on_site
tomo-chan-wa-onnanoko,Tomo-chan wa Onnanoko!,anime,,witanime,,not_found_on_site
totsukuni-no-shoujo-2022,Totsukuni no Shoujo (2022),anime,,witanime,https://pub-7bd753a4463049929e562aa677ad4251.r2.dev/anime/اوفا-totsukuni-no-shoujo-2022.jpg,matched_name
triage-x,Triage X,anime,,witanime,,not_found_on_site
triage-x-recollection-xoxo,Triage X: Recollection XOXO,anime,,witanime,,not_found_on_site
trigun-stampede,Trigun Stampede,anime,,witanime,,not_found_on_site
tsukimonogatari,Tsukimonogatari,anime,,witanime,https://pub-7bd753a4463049929e562aa677ad4251.r2.dev/anime/tsukimonogatari.png,matched_slug
tsundere-akuyaku-reijou-liselotte-to-jikkyou-no-endou-kun-to-kaisetsu-no-kobayas,Tsundere Akuyaku Reijou Liselotte to Jikkyou no Endou-kun to Kaisetsu no Kobayashi-san,anime,,witanime,,not_found_on_site
uchi-no-kaisha-no-chiisai-senpai-no-hanashi,Uchi no Kaisha no Chiisai Senpai no Hanashi,anime,,witanime,,not_found_on_site
uchi-no-shishou-wa-shippo-ga-nai,Uchi no Shishou wa Shippo ga Nai,anime,,witanime,,not_found_on_site
undead-girl-murder-farce,Undead Girl Murder Farce,anime,,witanime,,not_found_on_site
undead-unluck,Undead Unluck,anime,,witanime,,not_found_on_site
under-ninja,Under Ninja,anime,,witanime,,not_found_on_site
uniteup,UniteUp!,anime,,witanime,,not_found_on_site
urusei-yatsura-2022,Urusei Yatsura (2022),anime,,witanime,,not_found_on_site
utawarerumono-futari-no-hakuoro,Utawarerumono: Futari no Hakuoro,anime,,witanime,,not_found_on_site
vampire-hunter-d-2000,Vampire Hunter D (2000),anime,,witanime,https://pub-7bd753a4463049929e562aa677ad4251.r2.dev/anime/فيلم-vampire-hunter-d-2000-مترجم.jpg,matched_name
vampire-in-the-garden,Vampire in the Garden,anime,,witanime,,not_found_on_site
vazzrock-the-animation,Vazzrock The Animation,anime,,witanime,,not_found_on_site
vivy-fluorite-eye-s-song,Vivy: Fluorite Eye's Song,anime,,witanime,,not_found_on_site
vlad-love,Vlad Love,anime,,witanime,,not_found_on_site
world-dai-star,World Dai Star,anime,,witanime,,not_found_on_site
yamada-kun-to-lv999-no-koi-wo-suru,Yamada-kun to Lv999 no Koi wo Suru,anime,,witanime,,not_found_on_site
yosuga-no-sora-in-solitude-where-we-are-least-alone,"Yosuga no Sora: In Solitude, Where We Are Least Alone",anime,,witanime,,not_found_on_site
yumemiru-danshi-wa-genjitsushugisha,Yumemiru Danshi wa Genjitsushugisha,anime,,witanime,,not_found_on_site
yuu-yuu-hakusho,Yuu☆Yuu☆Hakusho,anime,,witanime,https://pub-7bd753a4463049929e562aa677ad4251.r2.dev/anime/yuu-yuu-hakusho.jpg,matched_slug
yuusha-ga-shinda,Yuusha ga Shinda!,anime,,witanime,,not_found_on_site
yuusha-party-wo-tsuihou-sareta-beast-tamer-saikyoushu-no-nekomimi-shoujo-to-deau,"Yuusha Party wo Tsuihou sareta Beast Tamer, Saikyoushu no Nekomimi Shoujo to Deau",anime,,witanime,,not_found_on_site
yuzuki-san-chi-no-yonkyoudai,Yuzuki-san Chi no Yonkyoudai,anime,,witanime,,not_found_on_site
zom-100-zombie-ni-naru-made-ni-shitai-100-no-koto,Zom 100: Zombie ni Naru made ni Shitai 100 no Koto,anime,,witanime,,not_found_on_site
zuihou-de-zhaohuan-shi,Zuihou de Zhaohuan Shi,anime,,witanime,,not_found_on_site
