name,rawName,type_or_year,servers
"Lucky","مسلسل Lucky مترجم كامل","series",""
"Spooky in Love","مسلسل Spooky in Love مترجم كامل","series",""
"Dream to You","مسلسل Dream to You مترجم كامل","series",""
"The Apartment Job","مسلسل The Apartment Job مترجم كامل","series",""
"Little House on the Prairie الموسم الاول","مسلسل Little House on the Prairie الموسم الاول مترجم كامل","series",""
"Love in Sync","مسلسل Love in Sync مترجم كامل","series",""
"Mushoku Tensei","انمي Mushoku Tensei الموسم الثالث مترجم كامل","anime",""
"Human Vapor","مسلسل Human Vapor مترجم كامل","series",""
"الكلان","مسلسل الكلان كامل","series",""
"حين لا يرانا احد","مسلسل حين لا يرانا احد كامل","series",""
"تحت السن","مسلسل تحت السن كامل","series",""
"كارما","مسلسل كارما كامل","series",""
"اسطنبول راسا على عقب","مسلسل اسطنبول راسا على عقب مترجم كامل","series",""
"للعدالة وجه اخر","مسلسل للعدالة وجه اخر كامل","series",""
"حب ع ورق","مسلسل حب ع ورق كامل","series",""
"Doctor on the Edge","مسلسل Doctor on the Edge مترجم كامل","series",""
"Reborn Rookie","مسلسل Reborn Rookie مترجم كامل","series",""
"فرسان قريح 2","مسلسل فرسان قريح 2 كامل","series",""
"سستر فخرية","مسلسل سستر فخرية كامل","series",""
"ورد على فل وياسمين","مسلسل ورد على فل وياسمين كامل","series",""
"Spider Noir الموسم الاول","مسلسل Spider Noir الموسم الاول مترجم كامل","series",""
"Berlin and the Lady with an Ermine الموسم الاول","مسلسل Berlin and the Lady with an Ermine الموسم الاول مترجم كامل","series",""
"حفرة جهنم","مسلسل حفرة جهنم كامل","series",""
"ميركاتو","مسلسل ميركاتو كامل","series",""
"الشجاع","مسلسل الشجاع مترجم كامل","series",""
"One Piece والعشرون","انمي One Piece الموسم الثاني والعشرون مترجم","anime",""
"ابن الشركة","مسلسل ابن الشركة كامل","series",""
"قلب مفتوح","مسلسل قلب مفتوح كامل","series",""
"سكرة الحب","مسلسل سكرة الحب كامل","series",""
"دافنينه سوا","مسلسل دافنينه سوا كامل","series",""
"استجواب الرئيس","مسلسل استجواب الرئيس كامل","series",""
"الفرنساوي","مسلسل الفرنساوي كامل","series",""
"ممكن","مسلسل ممكن كامل","series",""
"الخلاط+","مسلسل الخلاط+ كامل","series",""
"The Voice Kids","برنامج The Voice Kids الموسم الرابع كامل","series",""
"لن يحدث لنا شيء","مسلسل لن يحدث لنا شيء مترجم كامل","series",""
"اللعبة 5","مسلسل اللعبة 5 كامل","series",""
"عرس الجن","مسلسل عرس الجن كامل","series",""
"الضحايا","مسلسل الضحايا كامل","series",""
"العمة","مسلسل العمة كامل","series",""
"عرش الشيطان","مسلسل عرش الشيطان كامل","series",""
"ليل البنفسج","مسلسل ليل البنفسج كامل","series",""
"انا وهو وهم","مسلسل انا وهو وهم كامل","series",""
"بدل تالف","مسلسل بدل تالف كامل","series",""
"سر وقدر","مسلسل سر وقدر كامل","series",""
"تحت الصفر","مسلسل تحت الصفر كامل","series",""
"بنت النعمان","مسلسل بنت النعمان كامل","series",""
"عرين الذئاب","مسلسل عرين الذئاب كامل","series",""
"المليئية لعنة حب","مسلسل المليئية لعنة حب كامل","series",""
"تحت الارض 2 جرد حساب","مسلسل تحت الارض 2 جرد حساب كامل","series",""
"السرايا الصفرا","مسلسل السرايا الصفرا كامل","series",""
"شباب البومب 13","مسلسل شباب البومب 13","series",""
"اثبات نسب","مسلسل اثبات نسب كامل","series",""
"الخروج الى البئر","مسلسل الخروج الى البئر كامل","series",""
"اسال روحك","مسلسل اسال روحك كامل","series",""
"لوبي الغرام","مسلسل لوبي الغرام كامل","series",""
"انا وهي وهيا","مسلسل انا وهي وهيا كامل","series",""
"المصيدة","مسلسل المصيدة كامل","series",""
"توابع","مسلسل توابع كامل","series",""
"شمس الاصيل","مسلسل شمس الاصيل كامل","series",""
"ابطال الرمال","مسلسل ابطال الرمال كامل","series",""
"سعادة المجنون","مسلسل سعادة المجنون كامل","series",""
"يا انا يا هي","مسلسل يا انا يا هي","series",""
"النويلاتي","مسلسل النويلاتي كامل","series",""
"غيبوبة","مسلسل غيبوبة كامل","series",""
"باب البنات صبرية في السبعينات","مسلسل باب البنات صبرية في السبعينات كامل","series",""
"كلاش","مسلسل كلاش كامل","series",""
"صاحبك راجل","مسلسل صاحبك راجل","series",""
"هاذي اخرتها","مسلسل هاذي اخرتها كامل","series",""
"اكسيدون","مسلسل اكسيدون كامل","series",""
"الخطيفة","مسلسل الخطيفة كامل","series",""
"انت من احب","مسلسل انت من احب مترجم كامل","series",""
"الحق","مسلسل الحق كامل","series",""
"المطبعة","مسلسل المطبعة كامل","series",""
"السوق الحرة","مسلسل السوق الحرة كامل","series",""
"قبل وبعد","مسلسل قبل وبعد كامل","series",""
"قطر صغنطوط","مسلسل قطر صغنطوط كامل","series",""
"روج اسود","مسلسل روج اسود كامل","series",""
"اليتيم","مسلسل اليتيم كامل","series",""
"بيت الاحلام","مسلسل بيت الاحلام كامل","series",""
"انا ولا انا","مسلسل انا ولا انا كامل","series",""
"المقعد الاخير","مسلسل المقعد الاخير كامل","series",""
"عيلة الملك","مسلسل عيلة الملك كامل","series",""
"خطوات صغيرة","مسلسل خطوات صغيرة كامل","series",""
"رامز ليفل الوحش","برنامج رامز ليفل الوحش كامل","series",""
"على غفلة","برنامج على غفلة كامل","series",""
"بنات العم 2","مسلسل بنات العم 2 كامل","series",""
"اللون الازرق","مسلسل اللون الازرق كامل","series",""
"كلهم بيحبوا مودي","مسلسل كلهم بيحبوا مودي كامل","series",""
"فرصة اخيرة","مسلسل فرصة اخيرة كامل","series",""
"اولاد الراعي","مسلسل اولاد الراعي كامل","series",""
"على قد الحب","مسلسل على قد الحب كامل","series",""
"حد اقصى","مسلسل حد اقصى كامل","series",""
"بيبو","مسلسل بيبو كامل","series",""
"حكاية نرجس","مسلسل حكاية نرجس كامل","series",""
"فخر الدلتا","مسلسل فخر الدلتا كامل","series",""
"درش","مسلسل درش كامل","series",""
"صحاب الارض","مسلسل صحاب الارض كامل","series",""
"اب ولكن","مسلسل اب ولكن كامل","series",""
"عرض وطلب","مسلسل عرض وطلب كامل","series",""
"اتنين غيرنا","مسلسل اتنين غيرنا كامل","series",""
"راس الافعى","مسلسل راس الافعى كامل","series",""
"النص","مسلسل النص","series",""
"مناعة","مسلسل مناعة كامل","series",""
"كان ياما كان","مسلسل كان ياما كان كامل","series",""
"عين سحرية","مسلسل عين سحرية كامل","series",""
"الغميضة","مسلسل الغميضة كامل","series",""
"غلط بنات","مسلسل غلط بنات كامل","series",""
"شارع الاعشى","مسلسل شارع الاعشى","series",""
"يوميات رجل متزوج","مسلسل يوميات رجل متزوج كامل","series",""
"كحيلان","مسلسل كحيلان كامل","series",""
"المداح","مسلسل المداح الموسم الخامس","series",""
"جاك العلم 2","مسلسل جاك العلم 2","series",""
"كسرة","مسلسل كسرة كامل","series",""
"سوا سوا","مسلسل سوا سوا كامل","series",""
"مطبخ المدينة","مسلسل مطبخ المدينة كامل","series",""
"المتر سمير","مسلسل المتر سمير كامل","series",""
"الهيبة راس الجبل","مسلسل الهيبة راس الجبل كامل","series",""
"شرارة","مسلسل شرارة كامل","series",""
"حمدية","مسلسل حمدية كامل","series",""
"حامض حلو 6","مسلسل حامض حلو 6","series",""
"رحمة","مسلسل رحمة","series",""
"بالحرام","مسلسل بالحرام كامل","series",""
"بخمس ارواح","مسلسل بخمس ارواح كامل","series",""
"مولانا","مسلسل مولانا كامل","series",""
"بابا وماما جيران","مسلسل بابا وماما جيران كامل","series",""
"هي كيميا","مسلسل هي كيميا كامل","series",""
"ن النسوة","مسلسل ن النسوة كامل","series",""
"الست موناليزا","مسلسل الست موناليزا كامل","series",""
"الكينج","مسلسل الكينج كامل","series",""
"وننسى اللي كان","مسلسل وننسى اللي كان كامل","series",""
"افراج","مسلسل افراج كامل","series",""
"فن الحرب","مسلسل فن الحرب كامل","series",""
"علي كلاي","مسلسل علي كلاي كامل","series",""
"Peaky Blinders الموسم الاول","مسلسل Peaky Blinders الموسم الاول مترجم كامل","series",""
"تحت الارض","مسلسل تحت الارض مترجم كامل","series",""
"يوم وشوي","مسلسل يوم وشوي كامل","series",""
"ورود وذنوب مدبلج","مسلسل ورود وذنوب مدبلج كامل","series",""
"اخي","مسلسل اخي مترجم كامل","series",""
"مامور الثلاجة","مسلسل مامور الثلاجة كامل","series",""
"Ang Mutya ng Section E","مسلسل Ang Mutya ng Section E مترجم","series",""
"بطل العالم","مسلسل بطل العالم كامل","series",""
"قسمة العدل","مسلسل قسمة العدل كامل","series",""
"بيت بابا","مسلسل بيت بابا كامل","series",""
"لعبة وقلبت بجد","مسلسل لعبة وقلبت بجد كامل","series",""
"علي رشم","مسلسل علي رشم كامل","series",""
"يوم شفتك","مسلسل يوم شفتك كامل","series",""
"Shine on Me الموسم الاول","مسلسل Shine on Me الموسم الاول مترجم كامل","series",""
"ليل","مسلسل ليل كامل","series",""
"اثر بارد","مسلسل اثر بارد كامل","series",""
"سنجل ماذر فاذر","مسلسل سنجل ماذر فاذر كامل","series",""
"Breaking Bad الموسم الاول","مسلسل Breaking Bad الموسم الاول مترجم كامل","series",""
"Vikings الموسم الاول","مسلسل Vikings الموسم الاول مترجم كامل","series",""
"Man vs Baby الموسم الاول","مسلسل Man vs Baby الموسم الاول مترجم كامل","series",""
"مدرسة النخبة","مسلسل مدرسة النخبة","series",""
"لا ترد ولا تستبدل","مسلسل لا ترد ولا تستبدل كامل","series",""
"وينك من زمان","مسلسل وينك من زمان كامل","series",""
"مش مهم الاسم","مسلسل مش مهم الاسم كامل","series",""
"باب الجحيم","مسلسل باب الجحيم الموسم الثاني كامل","series",""
"2 قهوة","مسلسل 2 قهوة كامل","series",""
"كاستنج جامعات","برنامج كاستنج جامعات كامل","series",""
"الاعراف","مسلسل الاعراف مترجم كامل","series",""
"ميدتيرم","مسلسل ميدتيرم كامل","series",""
"حالات نادرة","مسلسل حالات نادرة كامل","series",""
"عندك وقت مع عبلة","برنامج عندك وقت مع عبلة كامل","series",""
"ليلة فونطاستيك مع ابلة فاهيتا","برنامج ليلة فونطاستيك مع ابلة فاهيتا كامل","series",""
"توب شيف","برنامج توب شيف الموسم الثامن","series",""
"الاراضي المباركة","مسلسل الاراضي المباركة مترجم كامل","series",""
"الضارية","مسلسل الضارية كامل","series",""
"ورد وشوكولاتة","مسلسل ورد وشوكولاتة كامل","series",""
"The Voice","برنامج The Voice الموسم السادس كامل","series",""
"كارثة طبيعية","مسلسل كارثة طبيعية كامل","series",""
"It Welcome to Derry الموسم الاول","مسلسل It Welcome to Derry الموسم الاول مترجم كامل","series",""
"انا امها","مسلسل انا امها مترجم كامل","series",""
"Attack on Titan الموسم الاول","انمي Attack on Titan الموسم الاول مترجم كامل","anime",""
"Spartacus الموسم الاول","مسلسل Spartacus الموسم الاول مترجم كامل","series",""
"بنات البومب","مسلسل بنات البومب كامل","series",""
"الطبعة","مسلسل الطبعة كامل","series",""
"قفطان خديجة","مسلسل قفطان خديجة كامل","series",""
"يد الحنة","مسلسل يد الحنة كامل","series",""
"المرسى","مسلسل المرسى كامل","series",""
"لينك","مسلسل لينك كامل","series",""
"The Last Frontier الموسم الاول","مسلسل The Last Frontier الموسم الاول مترجم كامل","series",""
"من سيربح المليون 2024","برنامج من سيربح المليون 2024","series",""
"شارك تانك مصر","برنامج شارك تانك مصر الموسم الثالث","series",""
"انا ليمان","مسلسل انا ليمان مترجم كامل","series",""
"غريب في المراة","مسلسل غريب في المراة مترجم كامل","series",""
"نيران الحسد مدبلج","مسلسل نيران الحسد مدبلج كامل","series",""
"فخر السويدي","مسلسل فخر السويدي كامل","series",""
"كاراته","مسلسل كاراته كامل","series",""
"ابن النادي","مسلسل ابن النادي كامل","series",""
"المحامية","مسلسل المحامية كامل","series",""
"ميرا وسليم مدبلج","مسلسل ميرا وسليم مدبلج كامل","series",""
"حريم الجراح","مسلسل حريم الجراح كامل","series",""
"وتر حساس","مسلسل وتر حساس","series",""
"ما تراه ليس كما يبدو فلاش باك","مسلسل ما تراه ليس كما يبدو فلاش باك","series",""
"المدينة البعيدة 2 مدبلج","مسلسل المدينة البعيدة 2 مدبلج كامل","series",""
"Shins Project","مسلسل Shins Project مترجم كامل","series",""
"ضرغام مدبلج","مسلسل ضرغام مدبلج كامل","series",""
"Between Love and Frost","مسلسل Between Love and Frost مترجم كامل","series",""
"اطفال الجنة","مسلسل اطفال الجنة مترجم كامل","series",""
"صيف 99","مسلسل صيف 99 كامل","series",""
"ولد بنت شايب","مسلسل ولد بنت شايب كامل","series",""
"عيناك كالبحر الاسود مدبلج","مسلسل عيناك كالبحر الاسود مدبلج كامل","series",""
"خارج عن المالوف","مسلسل خارج عن المالوف كامل","series",""
"انا حرة","مسلسل انا حرة كامل","series",""
"فبراير الاسود","مسلسل فبراير الاسود كامل","series",""
"كواليس","مسلسل كواليس كامل","series",""
"ايام 3","مسلسل ايام 3 كامل","series",""
"كان انسان","مسلسل كان انسان كامل","series",""
"سفاح التاكسي","مسلسل سفاح التاكسي كامل","series",""
"The Terminal List Dark Wolf الموسم الاول","مسلسل The Terminal List Dark Wolf الموسم الاول مترجم كامل","series",""
"اجمل منك مدبلج","مسلسل اجمل منك مدبلج كامل","series",""
"Game of Thrones الموسم الاول","مسلسل Game of Thrones الموسم الاول مترجم","series",""
"ازمة ثقة","مسلسل ازمة ثقة كامل","series",""
"Twelve","مسلسل Twelve مترجم كامل","series",""
"كوما الزوجة الاخرى مدبلج","مسلسل كوما الزوجة الاخرى مدبلج كامل","series",""
"Playing Gracie Darling الموسم الاول","مسلسل Playing Gracie Darling الموسم الاول مترجم كامل","series",""
"عيناك كالبحر الاسود","مسلسل عيناك كالبحر الاسود مترجم كامل","series",""
"سلمى","مسلسل سلمى كامل","series",""
"المطرقة والورد قصة بهزات جي 3","مسلسل المطرقة والورد قصة بهزات جي 3 مترجم كامل","series",""
"عايشين معانا","مسلسل عايشين معانا كامل","series",""
"افراح ابليس 3","مسلسل افراح ابليس 3 كامل","series",""
"Chief of War الموسم الاول","مسلسل Chief of War الموسم الاول مترجم كامل","series",""
"220 يوم","مسلسل 220 يوم كامل","series",""
"كتالوج","مسلسل كتالوج كامل","series",""
"Kaiju No 8","انمي Kaiju No 8 مترجم","anime",""
"حمود وابوه","مسلسل حمود وابوه كامل","series",""
"الزوجة الاخرى","مسلسل الزوجة الاخرى مترجم كامل","series",""
"غسال 2","مسلسل غسال 2 مترجم كامل","series",""
"Bitch x Rich","مسلسل Bitch x Rich الموسم الثاني مترجم كامل","series",""
"لعبة الحبار 3 مدبلج","مسلسل لعبة الحبار 3 مدبلج كامل","series",""
"كويت رياض كويت","مسلسل كويت رياض كويت كامل","series",""
"المراة العصرية","مسلسل المراة العصرية مترجم كامل","series",""
"مملكة الحرير","مسلسل مملكة الحرير كامل","series",""
"ابواب القدر 2","مسلسل ابواب القدر 2 مترجم كامل","series",""
"فات الميعاد","مسلسل فات الميعاد كامل","series",""
"الصحبة الحلوة","مسلسل الصحبة الحلوة كامل","series",""
"بهار 2 مدبلج","مسلسل بهار 2 مدبلج كامل","series",""
"على صدى الخلخال مدبلج","مسلسل على صدى الخلخال مدبلج كامل","series",""
"عاشق انا 2 مدبلج","مسلسل عاشق انا 2 مدبلج كامل","series",""
"فرقة محاربة العصابات","مسلسل فرقة محاربة العصابات كامل","series",""
"العروس","مسلسل العروس مترجم كامل","series",""
"سيوف العرب","مسلسل سيوف العرب كامل","series",""
"شير","مسلسل شير مترجم","series",""
"فندق الاحلام مدبلج","مسلسل فندق الاحلام مدبلج كامل","series",""
"فضفضت اوي","برنامج فضفضت اوي كامل","series",""
"خطيئة اخيرة","مسلسل خطيئة اخيرة كامل","series",""
"عبر الاثير","مسلسل عبر الاثير كامل","series",""
"صمت المطر","مسلسل صمت المطر مترجم كامل","series",""
"The Prisoner of Beauty","مسلسل The Prisoner of Beauty مترجم كامل","series",""
"حرب الجبالي","مسلسل حرب الجبالي","series",""
"فرانكلين","مسلسل فرانكلين كامل","series",""
"عهد انيس","مسلسل عهد انيس كامل","series",""
"مرحبا دولة 2","مسلسل مرحبا دولة 2 كامل","series",""
"المشردون مدبلج","مسلسل المشردون مدبلج","series",""
"Queens House الموسم الاول","مسلسل Queens House الموسم الاول مترجم","series",""
"امنية وان تحققت مدبلج","مسلسل امنية وان تحققت مدبلج","series",""
"حبيبتي من تكون 3 مدبلج","مسلسل حبيبتي من تكون 3 مدبلج","series",""
"انا بنت ابي مدبلج","مسلسل انا بنت ابي مدبلج","series",""
"اقترب لاقترب مدبلج","مسلسل اقترب لاقترب مدبلج","series",""
"انت محبوبي مدبلج","مسلسل انت محبوبي الموسم الثاني مدبلج","series",""
"شجر الحور مدبلج","مسلسل شجر الحور مدبلج","series",""
"زهور الدم","مسلسل زهور الدم مترجم","series",""
"احيانا انا احيانا انت مدبلج","مسلسل احيانا انا احيانا انت مدبلج","series",""
"سندباد مدبلج","مسلسل سندباد مدبلج","series",""
"رحلة لاكشمي مدبلج","مسلسل رحلة لاكشمي الموسم الخامس مدبلج","series",""
"مكانك في القلب مدبلج","مسلسل مكانك في القلب الموسم الثامن مدبلج","series",""
"النصيب مدبلج","مسلسل النصيب مدبلج","series",""
"الانين مدبلج","مسلسل الانين مدبلج","series",""
"وتبقى ليلة مدبلج","مسلسل وتبقى ليلة مدبلج","series",""
"حياة قلبي مدبلج","مسلسل حياة قلبي الموسم الخامس مدبلج","series",""
"خفايا القلوب 4 مدبلج","مسلسل خفايا القلوب 4 مدبلج","series",""
"The Last Of Us الموسم الاول","مسلسل The Last Of Us الموسم الاول مترجم","series",""
"The Witcher الموسم الاول","مسلسل The Witcher الموسم الاول مترجم","series",""
"Dune Prophecy الموسم الاول","مسلسل Dune Prophecy الموسم الاول مترجم","series",""
"The Penguin الموسم الاول","مسلسل The Penguin الموسم الاول مترجم","series",""
"Teacup الموسم الاول","مسلسل Teacup الموسم الاول مترجم","series",""
"LOTR The Rings of Power","مسلسل LOTR The Rings of Power الموسم الثاني مترجم","series",""
"Those About to Die الموسم الاول","مسلسل Those About to Die الموسم الاول مترجم","series",""
"The Jetty الموسم الاول","مسلسل The Jetty الموسم الاول مترجم","series",""
"A Good Girl’s Guide to Murder الموسم الاول","مسلسل A Good Girl’s Guide to Murder الموسم الاول","series",""
"Sunny الموسم الاول","مسلسل Sunny الموسم الاول مترجم","series",""
"MILF of Norway الموسم الاول","مسلسل MILF of Norway الموسم الاول مترجم","series",""
"My Lady Jane الموسم الاول","مسلسل My Lady Jane الموسم الاول مترجم","series",""
"Supacell الموسم الاول","مسلسل Supacell الموسم الاول مترجم","series",""
"Raising Voices","مسلسل Raising Voices مترجم","series",""
"Amagami san Chi no Enmusubi","انمي Amagami san Chi no Enmusubi مترجم","anime",""
"Seirei Gensouki 2","انمي Seirei Gensouki 2 مترجم","anime",""
"The Most Notorious Talker Runs the Worlds Gre","انمي The Most Notorious Talker Runs the Worlds Gre","anime",""
"Shangri La Frontier Season 2","انمي Shangri La Frontier Season 2 مترجم","anime",""
"Nanatsu no Taizai Mokushiroku no Yonkishi 2nd","انمي Nanatsu no Taizai Mokushiroku no Yonkishi 2nd","anime",""
"Nageki no Bourei wa Intai shitai","انمي Nageki no Bourei wa Intai shitai مترجم","anime",""
"Ranma1/2 2024","انمي Ranma1/2 2024 مترجم","anime",""
"Party kara Tsuihou sareta Sono Chiyushi","انمي Party kara Tsuihou sareta Sono Chiyushi مترجم","anime",""
"Blue Lock","انمي Blue Lock الموسم الثاني مترجم","anime",""
"Maou sama Retry R","انمي Maou sama Retry R مترجم","anime",""
"Batman Caped Crusader الموسم الاول","مسلسل Batman Caped Crusader الموسم الاول مترجم","series",""
"Alya Sometimes Hides Her Feelings in Russian","انمي Alya Sometimes Hides Her Feelings in Russian","anime",""
"Shinmai Ossan Boukensha","انمي Shinmai Ossan Boukensha مترجم","anime",""
"Isekai Yururi Kikou","انمي Isekai Yururi Kikou مترجم","anime",""
"VTuber Legend","انمي VTuber Legend مترجم","anime",""
"Solo Leveling الموسم الاول","انمي Solo Leveling الموسم الاول مترجم","anime",""
"I Parry Everything","انمي I Parry Everything مترجم","anime",""
"Kimi to Boku no Saigo","انمي Kimi to Boku no Saigo الموسم الثاني مترجم","anime",""
"Katsute Mahou Shoujo to Aku wa Tekitai shitei","انمي Katsute Mahou Shoujo to Aku wa Tekitai shitei","anime",""
"WondLa الموسم الاول","مسلسل WondLa الموسم الاول مترجم","series",""
"مدفع رمضان","برنامج مدفع رمضان","series",""
"رامز ايلون مصر","برنامج رامز ايلون مصر","series",""
"مليون باوند مينيو مصر","برنامج مليون باوند مينيو مصر","series",""
"اكس فاكتور","برنامج اكس فاكتور الموسم الثاني","series",""
"عرب جوت تالنت","برنامج عرب جوت تالنت الموسم السابع","series",""
"ﺑﺮﻧﺎﻣﺞ بيت السعد","ﺑﺮﻧﺎﻣﺞ بيت السعد","series",""
"احترام كبار السن ورعاية الصغار","مسلسل احترام كبار السن ورعاية الصغار مترجم","series",""
"الخيانة والنهضة","مسلسل الخيانة والنهضة مترجم","series",""
"Embrace in the Dark Night","مسلسل Embrace in the Dark Night مترجم","series",""
"You Are My Secret","مسلسل You Are My Secret مترجم","series",""
"The Unexpected Marriage","مسلسل The Unexpected Marriage مترجم","series",""
"Go Beach Volleyball Girls","مسلسل Go Beach Volleyball Girls مترجم","series",""
"The Best Day of My Life","مسلسل The Best Day of My Life مترجم","series",""
"Lost You Forever Season 2","مسلسل Lost You Forever Season 2 مترجم","series",""
"As Beautiful As You","مسلسل As Beautiful As You مترجم","series",""
"The Whirlwind الموسم الاول","مسلسل The Whirlwind الموسم الاول مترجم","series",""
"رياح القدر مدبلج","مسلسل رياح القدر مدبلج","series",""
"معركة هير الموسم الاول مدبلج","مسلسل معركة هير الموسم الاول مدبلج","series",""
"بريستيج","مسلسل بريستيج","series",""
"حلم اشرف مدبلج","مسلسل حلم اشرف مدبلج","series",""
"الانكسار مدبلج","مسلسل الانكسار مدبلج","series",""
"اذا خسر الملك","مسلسل اذا خسر الملك مترجم","series",""
"كان يا مكان في اسطنبول","مسلسل كان يا مكان في اسطنبول مترجم","series",""
"ازهار الثلج","مسلسل ازهار الثلج مترجم","series",""
"عائلة شاكر باشا مدبلج","مسلسل عائلة شاكر باشا مدبلج","series",""
"عائلة شاكر باشا","مسلسل عائلة شاكر باشا مترجم","series",""
"عساف مدبلج","مسلسل عساف مدبلج","series",""
"صلاح الدين الايوبي","مسلسل صلاح الدين الايوبي مترجم","series",""
"الحديقة السرية","مسلسل الحديقة السرية مترجم","series",""
"الحديقة السرية مدبلج","مسلسل الحديقة السرية مدبلج","series",""
"اسرار البيوت 2 مدبلج","مسلسل اسرار البيوت 2 مدبلج","series",""
"السلة المتسخة","مسلسل السلة المتسخة مترجم","series",""
"اخوتي 4 مدبلج","مسلسل اخوتي 4 مدبلج","series",""
"طائر الرفراف","مسلسل طائر الرفراف مترجم","series",""
"حلم اشرف","مسلسل حلم اشرف مترجم","series",""
"بارينيتي مدبلج","مسلسل بارينيتي مدبلج","series",""
"ارض الحب الجميل","مسلسل ارض الحب الجميل مترجم","series",""
"العبقري مدبلج","مسلسل العبقري مدبلج","series",""
"فريد 3 مدبلج","مسلسل فريد 3 مدبلج","series",""
"ليلى","مسلسل ليلى مترجم","series",""
"ليلى مدبلج","مسلسل ليلى مدبلج","series",""
"شاهماران 2 مدبلج","مسلسل شاهماران 2 مدبلج","series",""
"شاهماران 2","مسلسل شاهماران 2 مترجم","series",""
"المحقق التركي","مسلسل المحقق التركي مترجم","series",""
"ذات اخرى 2 مدبلج","مسلسل ذات اخرى 2 مدبلج","series",""
"ذات اخرى 2","مسلسل ذات اخرى 2 مترجم","series",""
"The Turkish Passion الموسم الاول","مسلسل The Turkish Passion الموسم الاول مترجم","series",""
"المتوحش 2 مدبلج","مسلسل المتوحش 2 مدبلج","series",""
"حب بلا حدود مدبلج","مسلسل حب بلا حدود مدبلج","series",""
"الكذبة مدبلج","مسلسل الكذبة مدبلج","series",""
"احببتك مرة مدبلج","مسلسل احببتك مرة مدبلج","series",""
"شراب التوت مدبلج","مسلسل شراب التوت الموسم الثاني مدبلج","series",""
"القضاء مدبلج","مسلسل القضاء الموسم الثالث مدبلج","series",""
"زهور الدم مدبلج","مسلسل زهور الدم مدبلج","series",""
"يا غايب فضل شاكر","مسلسل يا غايب فضل شاكر","series",""
"هروج","مسلسل هروج","series",""
"اسر","مسلسل اسر","series",""
"هزاع","مسلسل هزاع","series",""
"بنات همام","مسلسل بنات همام","series",""
"اسود باهت","مسلسل اسود باهت","series",""
"الجنة","مسلسل الجنة","series",""
"الزعيم","مسلسل الزعيم","series",""
"فندق خمس هموم","مسلسل فندق خمس هموم","series",""
"ما اختلفنا 2","مسلسل ما اختلفنا 2","series",""
"رفوج 2","مسلسل رفوج 2","series",""
"الدوامة","مسلسل الدوامة","series",""
"المسار","مسلسل المسار","series",""
"الفتنة","مسلسل الفتنة","series",""
"ميليشيات نسائية","مسلسل ميليشيات نسائية","series",""
"وطن عمري","مسلسل وطن عمري","series",""
"للاذكياء فقط","مسلسل للاذكياء فقط","series",""
"حكاية لونا","مسلسل حكاية لونا","series",""
"فرج","مسلسل فرج","series",""
"نسمات ايلول","مسلسل نسمات ايلول","series",""
"للمعاريس فقط","مسلسل للمعاريس فقط","series",""
"اختي وخلفتها 2","مسلسل اختي وخلفتها 2","series",""
"ثلاثين حلقة","مسلسل ثلاثين حلقة","series",""
"واحة الاعرابي","مسلسل واحة الاعرابي","series",""
"في لحظة","مسلسل في لحظة","series",""
"تحت الارض موسم حار","مسلسل تحت الارض موسم حار","series",""
"صولو","مسلسل صولو","series",""
"شغاب","مسلسل شغاب","series",""
"دنون","مسلسل دنون","series",""
"لافازات","مسلسل لافازات","series",""
"الدم المشروك","مسلسل الدم المشروك","series",""
"باب السين","مسلسل باب السين","series",""
"وش سعد","مسلسل وش سعد","series",""
"الباء تحته نقطة","مسلسل الباء تحته نقطة","series",""
"يوميات رجل عانس","مسلسل يوميات رجل عانس","series",""
"العشرين","مسلسل العشرين","series",""
"سكواد","مسلسل سكواد","series",""
"السيرك","مسلسل السيرك","series",""
"عمتي نوير","مسلسل عمتي نوير","series",""
"افكار امي","مسلسل افكار امي","series",""
"ابو البنات","مسلسل ابو البنات","series",""
"الشميسي","مسلسل الشميسي","series",""
"الزافر","مسلسل الزافر","series",""
"نفس","مسلسل نفس","series",""
"ابن الباشا","مسلسل ابن الباشا","series",""
"زهرة عمري","مسلسل زهرة عمري","series",""
"البطل","مسلسل البطل","series",""
"ليالي روكسي","مسلسل ليالي روكسي","series",""
"ولد ليموت","مسلسل ولد ليموت","series",""
"بيت حموله","مسلسل بيت حموله","series",""
"بالدم","مسلسل بالدم","series",""
"تحت سابع ارض","مسلسل تحت سابع ارض","series",""
"قلع الحجر","مسلسل قلع الحجر الموسم الثاني","series",""
"شباب امراة","مسلسل شباب امراة","series",""
"قهوة المحطة","مسلسل قهوة المحطة","series",""
"اثينا","مسلسل اثينا","series",""
"ام 44","مسلسل ام 44","series",""
"الاميرة ضل حيطة","مسلسل الاميرة ضل حيطة","series",""
"حسبة عمري","مسلسل حسبة عمري","series",""
"80 باكو","مسلسل 80 باكو","series",""
"لام شمسية","مسلسل لام شمسية","series",""
"منتهي الصلاحية","مسلسل منتهي الصلاحية","series",""
"اخواتي","مسلسل اخواتي","series",""
"ظلم المصطبة","مسلسل ظلم المصطبة","series",""
"جودر","مسلسل جودر الموسم الثاني","series",""
"العدد","مسلسل كامل العدد الموسم الثالث","series",""
"نص الشعب اسمه محمد","مسلسل نص الشعب اسمه محمد","series",""
"قلبي ومفتاحه","مسلسل قلبي ومفتاحه","series",""
"الحلانجي","مسلسل الحلانجي","series",""
"الكابتن","مسلسل الكابتن","series",""
"وتقابل حبيب","مسلسل وتقابل حبيب","series",""
"شهادة معاملة اطفال","مسلسل شهادة معاملة اطفال","series",""
"عقبال عندكوا","مسلسل عقبال عندكوا","series",""
"عايشة الدور","مسلسل عايشة الدور","series",""
"معاوية","مسلسل معاوية","series",""
"الغاوي","مسلسل الغاوي","series",""
"اشغال شقة جدا","مسلسل اشغال شقة جدا","series",""
"حكيم باشا","مسلسل حكيم باشا","series",""
"العتاولة","مسلسل العتاولة الموسم الثاني","series",""
"اش اش","مسلسل اش اش","series",""
"فهد البطل","مسلسل فهد البطل","series",""
"سيد الناس","مسلسل سيد الناس","series",""
"الشرنقة","مسلسل الشرنقة","series",""
"الصفقة","مسلسل الصفقة الموسم الثاني","series",""
"البوابات السبع","مسلسل البوابات السبع","series",""
"كائنات","مسلسل كائنات","series",""
"روح جدو","مسلسل روح جدو","series",""
"صفحة بيضا","مسلسل صفحة بيضا","series",""
"طراد","مسلسل طراد","series",""
"خط الرجعة","مسلسل خط الرجعة","series",""
"انا وانت","مسلسل انا وانت","series",""
"سراب","مسلسل سراب","series",""
"اقامة جبرية","مسلسل اقامة جبرية","series",""
"مناير واربع كناين","مسلسل مناير واربع كناين","series",""
"احتمال","مسلسل احتمال","series",""
"البث","مسلسل البث","series",""
"موضوع عائلي","مسلسل موضوع عائلي الموسم الثالث","series",""
"القدر","مسلسل القدر","series",""
"فقرة الساحر","مسلسل فقرة الساحر","series",""
"المهرج","مسلسل المهرج","series",""
"لعبة السعادة","مسلسل لعبة السعادة","series",""
"ساعته وتاريخه","مسلسل ساعته وتاريخه","series",""
"صدف","مسلسل صدف","series",""
"نقطة سودة","مسلسل نقطة سودة","series",""
"رقم سري","مسلسل رقم سري","series",""
"بنات الثانوي","مسلسل بنات الثانوي الموسم الثاني","series",""
"خريف القلب","مسلسل خريف القلب","series",""
"عندما يعشق الرجال","مسلسل عندما يعشق الرجال","series",""
"باسورد","مسلسل باسورد","series",""
"6 شهور","مسلسل 6 شهور","series",""
"بدم بارد","مسلسل بدم بارد","series",""
"فرحة مؤقتة","مسلسل فرحة مؤقتة","series",""
"رحلة العمر","مسلسل رحلة العمر","series",""
"مطعم الحبايب","مسلسل مطعم الحبايب","series",""
"سنين العشرة الموسم الاول","مسلسل سنين العشرة الموسم الاول","series",""
"خواتي غناتي","مسلسل خواتي غناتي","series",""
"ست شباب","مسلسل ست شباب","series",""
"البحث عن علا","مسلسل البحث عن علا الموسم الثاني","series",""
"تيتا زوزو","مسلسل تيتا زوزو","series",""
"ديبو","مسلسل ديبو","series",""
"برغم القانون","مسلسل برغم القانون","series",""
"انترفيو","مسلسل انترفيو","series",""
"بيت العنكبوت","مسلسل بيت العنكبوت","series",""
"فعل ماضي","مسلسل فعل ماضي","series",""
"التيساع في الخاطر","مسلسل التيساع في الخاطر","series",""
"العميل","مسلسل العميل","series",""
"عمر افندي","مسلسل عمر افندي","series",""
"عقد الحاق","مسلسل عقد الحاق","series",""
"عنبر انفرادي","مسلسل عنبر انفرادي","series",""
"البيت الملعون","مسلسل البيت الملعون","series",""
"بنون","مسلسل بنون","series",""
"قبر الحياة","مسلسل قبر الحياة","series",""
"ترتيب خاص","مسلسل ترتيب خاص","series",""
"متحف يدي","مسلسل متحف يدي","series",""
"البيت بيتي الموسم الاول","مسلسل البيت بيتي الموسم الاول","series",""
"حرب نفسية","مسلسل حرب نفسية","series",""
"سفاح الجيزة","مسلسل سفاح الجيزة","series",""
"ثانوية النسيم","مسلسل ثانوية النسيم","series",""
"القديسة","مسلسل القديسة","series",""
"كرمال الولد","مسلسل كرمال الولد","series",""
"عام ونهار","مسلسل عام ونهار","series",""
"دهب غالي","مسلسل دهب غالي","series",""
"في مثل هذا اليوم","مسلسل في مثل هذا اليوم","series",""
"الوصفة السحرية","مسلسل الوصفة السحرية","series",""
"لعبة حب","مسلسل لعبة حب","series",""
"مفترق طرق","مسلسل مفترق طرق","series",""